{
"type": "FeatureCollection",
"name": "zone_non_couverte_nationale",
"crs": { "type": "name", "properties": { "name": "urn:ogc:def:crs:OGC:1.3:CRS84" } },
"features": [
{ "type": "Feature", "properties": { "description": "Zone à plus de 10km de tout établissement de santé" }, "geometry": { "type": "MultiPolygon", "coordinates": [ [ [ [ -17.082241722910595, 14.291027027969093 ], [ -17.077566062671437, 14.291745218870954 ], [ -17.068765282810585, 14.293976677645643 ], [ -17.060230912957465, 14.297038325025062 ], [ -17.05204507355872, 14.300900718630242 ], [ -17.044286545101986, 14.305526709235552 ], [ -17.043061948432683, 14.30642876540305 ], [ -17.036251048993567, 14.304827140162327 ], [ -17.027244053992909, 14.303602882039204 ], [ -17.01815736965527, 14.303245050061141 ], [ -17.0090784005077, 14.303757100049387 ], [ -17.000094479888055, 14.305134120032779 ], [ -16.991292032755538, 14.307362876814688 ], [ -16.982755746985234, 14.310421942344334 ], [ -16.974567760992084, 14.314281898715359 ], [ -16.966806875387313, 14.318905619868092 ], [ -16.962884252417677, 14.321792901097792 ], [ -16.954096510743682, 14.323138086335819 ], [ -16.945292701308716, 14.325365282310893 ], [ -16.936754921743489, 14.328422855326645 ], [ -16.928565324501243, 14.332281401641131 ], [ -16.920802725334813, 14.33690380862104 ], [ -16.913541846344543, 14.342245610370625 ], [ -16.906852597750095, 14.348255414056808 ], [ -16.900799405249455, 14.354875392895233 ], [ -16.895440589417223, 14.362041841122139 ], [ -16.890827803122122, 14.369685785679492 ], [ -16.887005532413887, 14.377733648791475 ], [ -16.884010665746622, 14.38610795511482 ], [ -16.881872135773587, 14.394728076708107 ], [ -16.880610637272675, 14.403511008690964 ], [ -16.88023842404786, 14.412372168156558 ], [ -16.880759186905916, 14.421226208663461 ], [ -16.882168014036143, 14.429987842468913 ], [ -16.884451434330913, 14.438572662575904 ], [ -16.887587543383532, 14.446897956654078 ], [ -16.891546211095509, 14.454883504958341 ], [ -16.896289369025084, 14.462452354511026 ], [ -16.901771374821578, 14.469531562030548 ], [ -16.907939450323852, 14.476052898382196 ], [ -16.914734189163767, 14.481953507690942 ], [ -16.922090129016151, 14.487176514689674 ], [ -16.929936382981939, 14.491671574374815 ], [ -16.938197323990014, 14.495395358599902 ], [ -16.946793315561575, 14.498311974851504 ], [ -16.955641481805785, 14.500393313113779 ], [ -16.96465650911286, 14.501619317432572 ], [ -16.973751471685119, 14.501978179528869 ], [ -16.982838672802128, 14.501466452577175 ], [ -16.991830493556062, 14.500089084050021 ], [ -17.000640240719317, 14.497859367325201 ], [ -17.009182985419393, 14.494798812551149 ], [ -17.017376384395643, 14.490936938057844 ], [ -17.02514147579739, 14.486310984379312 ], [ -17.029065747874249, 14.483422438661337 ], [ -17.037858813011187, 14.482073727675024 ], [ -17.046667176512365, 14.479842432258577 ], [ -17.055208403196904, 14.476780370430905 ], [ -17.063400164773242, 14.472917075245148 ], [ -17.071163515537272, 14.468289801070433 ], [ -17.07238877106122, 14.46738750836111 ], [ -17.079204878188285, 14.468987380875518 ], [ -17.088218642748881, 14.470208721500068 ], [ -17.097311858434836, 14.470562939951996 ], [ -17.106396845540093, 14.470046635027929 ], [ -17.11538600685973, 14.468664799162998 ], [ -17.124192675333848, 14.466430769571435 ], [ -17.132731952448996, 14.463366098658437 ], [ -17.140921529175174, 14.459500344996419 ], [ -17.148682481402023, 14.454870786936782 ], [ -17.155940032105946, 14.449522061683897 ], [ -17.162624272827138, 14.443505733383471 ], [ -17.168670837457476, 14.436879794465572 ], [ -17.174021521831406, 14.429708105126602 ], [ -17.178624843166496, 14.422059776428084 ], [ -17.18243653401143, 14.414008503027542 ], [ -17.182486946739306, 14.41386696239525 ], [ -17.126107, 14.373516 ], [ -17.625043, 14.729541 ], [ -17.185173, 14.919477 ], [ -16.953739917820201, 15.255493556307336 ], [ -16.977424909721211, 15.221158704092232 ], [ -16.97729063438948, 15.218919160423718 ], [ -16.97586888698099, 15.210159754679143 ], [ -16.973569987986519, 15.201577797412341 ], [ -16.970416167996316, 15.193255899890046 ], [ -16.966437876129042, 15.185274161824472 ], [ -16.961673483906647, 15.177709401702934 ], [ -16.956168913517519, 15.170634418912543 ], [ -16.949977194128461, 15.164117294691447 ], [ -16.943157950569457, 15.158220738560198 ], [ -16.935776829335374, 15.153001486448286 ], [ -16.927904867420935, 15.148509756234841 ], [ -16.919617810024846, 15.144788765874848 ], [ -16.910995383622563, 15.141874318686668 ], [ -16.902120531310729, 15.139794459740067 ], [ -16.893078617667211, 15.138569206610537 ], [ -16.883956610646546, 15.138210357062807 ], [ -16.874842248238689, 15.138721375499664 ], [ -16.865823197758758, 15.140097359268044 ], [ -16.856986215704715, 15.142325085159982 ], [ -16.848416316118772, 15.145383135687412 ], [ -16.840195955316446, 15.149242103954856 ], [ -16.83240424070457, 15.153864875208315 ], [ -16.825116171197678, 15.159206982410193 ], [ -16.818401916461681, 15.165217032484714 ], [ -16.812326141867359, 15.171837199202784 ], [ -16.806947385625143, 15.179003778036222 ], [ -16.805851425286313, 15.180813277208504 ], [ -16.800426926985516, 15.180076161289454 ], [ -16.791302842908991, 15.179713743972068 ], [ -16.782186048587327, 15.180221235731199 ], [ -16.773164234322536, 15.181593767227982 ], [ -16.764324182669437, 15.183818147909983 ], [ -16.755750936567576, 15.186872991994241 ], [ -16.74752698381743, 15.1907289230542 ], [ -16.739731465623652, 15.195348855290989 ], [ -16.732439416716407, 15.20068834884081 ], [ -16.731240085397008, 15.201760849237894 ], [ -16.727230022825552, 15.197532157567874 ], [ -16.720414990878968, 15.19162830317522 ], [ -16.71303723157294, 15.186401287821353 ], [ -16.705167751122691, 15.181901403526776 ], [ -16.69688227223423, 15.178171945872045 ], [ -16.688260507339965, 15.175248798572319 ], [ -16.679385394033986, 15.173160089135257 ], [ -16.670342299951976, 15.171925918873091 ], [ -16.661218204616311, 15.171558169837235 ], [ -16.652100865975811, 15.172060390516345 ], [ -16.643077979509101, 15.173427761394823 ], [ -16.634236337830139, 15.175647140714057 ], [ -16.625660998733423, 15.178697190020326 ], [ -16.617434469544641, 15.182548578328037 ], [ -16.609635915500053, 15.187164262981604 ], [ -16.602340399666225, 15.192499844570641 ], [ -16.600538282229881, 15.194109504321254 ], [ -16.59682609184016, 15.189322363138348 ], [ -16.590643673981745, 15.182794245865514 ], [ -16.583832520027407, 15.176885819977727 ], [ -16.57645820139215, 15.171653935332658 ], [ -16.56859169222934, 15.167148930588084 ], [ -16.560308687637772, 15.163414150198705 ], [ -16.551688877124523, 15.160485528536981 ], [ -16.542815180226494, 15.158391245086191 ], [ -16.5337729515349, 15.157151453980685 ], [ -16.524649162643197, 15.156778090464647 ], [ -16.515531568747679, 15.15727475611394 ], [ -16.506507867769727, 15.158636683921056 ], [ -16.497664859938379, 15.160850783588634 ], [ -16.489087615770963, 15.163895766618555 ], [ -16.480858660317764, 15.167742350028247 ], [ -16.47305718139453, 15.172353536780498 ], [ -16.465758269314861, 15.177684970284517 ], [ -16.459032195354663, 15.183685359620704 ], [ -16.452943735834705, 15.19029697146628 ], [ -16.447551548297206, 15.197456184059991 ], [ -16.442907605781386, 15.205094097946919 ], [ -16.43905669467448, 15.213137197695813 ], [ -16.436035981032553, 15.221508058285185 ], [ -16.433874649634404, 15.230126089417226 ], [ -16.432593619356716, 15.238908310643057 ], [ -16.432205337744893, 15.24777014987464 ], [ -16.432713656907897, 15.256626257619587 ], [ -16.434113792093118, 15.265391329109185 ], [ -16.436392363506055, 15.273980926398403 ], [ -16.43952752113648, 15.282312292501503 ], [ -16.443489151545567, 15.290305149688509 ], [ -16.44823916476529, 15.297882474206522 ], [ -16.45373185867005, 15.304971239904662 ], [ -16.459914357409851, 15.311503123530798 ], [ -16.466727119752118, 15.317415164830143 ], [ -16.474104512474277, 15.322650375006486 ], [ -16.481975443289024, 15.327158287603186 ], [ -16.490264047176847, 15.330895446417703 ], [ -16.498890419453001, 15.333825825675245 ], [ -16.507771388415083, 15.335921178348364 ], [ -16.516821320009242, 15.337161309212537 ], [ -16.52595294662202, 15.337534269966534 ], [ -16.535078211855918, 15.337036474512395 ], [ -16.544109122982448, 15.335672733275693 ], [ -16.552958602689106, 15.333456206243424 ], [ -16.56154133174714, 15.330408275196687 ], [ -16.56977457432485, 15.326558336409493 ], [ -16.577578977855325, 15.321943515865041 ], [ -16.584879339635251, 15.316608309799298 ], [ -16.586682539365551, 15.314998680961001 ], [ -16.590397016416606, 15.319785748554464 ], [ -16.596583869412108, 15.326313411503108 ], [ -16.60340058619013, 15.332220876850966 ], [ -16.610781494341577, 15.337451199934128 ], [ -16.618655466644341, 15.341953961617341 ], [ -16.626946607773917, 15.345685755742903 ], [ -16.635574987701268, 15.348610608805572 ], [ -16.64445741461963, 15.350700327745473 ], [ -16.653508239833997, 15.351934772455165 ], [ -16.654222184597998, 15.351963500196581 ], [ -16.653598169527466, 15.354461733816478 ], [ -16.652326180166728, 15.363244336040587 ], [ -16.651947472899383, 15.372105621985954 ], [ -16.652465808779795, 15.380960245935738 ], [ -16.653876307390277, 15.389722915774595 ], [ -16.656165489550997, 15.398309215029681 ], [ -16.659311403086896, 15.406636416863174 ], [ -16.663283830597599, 15.414624282140531 ], [ -16.668044577372257, 15.422195833838165 ], [ -16.673547836798992, 15.429278100270182 ], [ -16.679740629847142, 15.435802819904145 ], [ -16.68656331445764, 15.441707100898896 ], [ -16.693950159971514, 15.446934028929334 ], [ -16.701829981065849, 15.45143321736046 ], [ -16.710126825059387, 15.455161294390903 ], [ -16.718760705902461, 15.458082322399104 ], [ -16.727648377685632, 15.460168145387357 ], [ -16.736704140093622, 15.461398661123354 ], [ -16.745840667901255, 15.461762015318108 ], [ -16.754969856360059, 15.461254715946207 ], [ -16.764003674161302, 15.459881666600111 ], [ -16.772855015585211, 15.457656118567732 ], [ -16.781438543458254, 15.454599542121953 ], [ -16.789671514639736, 15.450741418305057 ], [ -16.797474579945025, 15.446118953270629 ], [ -16.804772550682042, 15.440776718003294 ], [ -16.811495124327312, 15.43476621696415 ], [ -16.817577562293042, 15.428145389900006 ], [ -16.822961313232003, 15.420978051700311 ], [ -16.827594575886319, 15.413333275781234 ], [ -16.831432796102582, 15.40528472701526 ], [ -16.834439093302255, 15.39690995070273 ], [ -16.836584612404497, 15.388289624494256 ], [ -16.837848797941351, 15.37950678051671 ], [ -16.838219587873841, 15.370646005227234 ], [ -16.837693525404333, 15.361792624718445 ], [ -16.836275787877124, 15.353031883321279 ], [ -16.835457907811886, 15.349973823769893 ], [ -16.836643685506036, 15.349417612843906 ], [ -16.844442001400534, 15.344793980821585 ], [ -16.85173536033388, 15.339450672877271 ], [ -16.858453504778602, 15.333439203534818 ], [ -16.864531739234057, 15.326817521519597 ], [ -16.869911553099826, 15.319649449542293 ], [ -16.871007508225258, 15.317839639357555 ], [ -16.876435646067041, 15.318574618635957 ], [ -16.88556549397909, 15.318932884281029 ], [ -16.894687491803399, 15.318420556632912 ], [ -16.903713678798216, 15.317042588657239 ], [ -16.912557024211857, 15.314812279814532 ], [ -16.912880035985143, 15.314696980562724 ], [ -16.700706, 15.621527 ], [ -16.578727722418556, 15.885461549189158 ], [ -16.574261917587876, 15.883457065394911 ], [ -16.565610991896968, 15.880531956702281 ], [ -16.556705648811192, 15.878441208924052 ], [ -16.547631542300994, 15.877204941015496 ], [ -16.538475945172273, 15.876835053651742 ], [ -16.529326912987823, 15.877335114807055 ], [ -16.520272440525329, 15.878700325168122 ], [ -16.511399618727477, 15.880917563723676 ], [ -16.502793800098651, 15.883965513114942 ], [ -16.494537780430882, 15.88781486357745 ], [ -16.486711004599474, 15.892428593560419 ], [ -16.479388803957409, 15.897762324382004 ], [ -16.472641672577904, 15.903764745574781 ], [ -16.466534589248674, 15.910378106900799 ], [ -16.46112639171179, 15.917538772377364 ], [ -16.456469209172127, 15.925177831057999 ], [ -16.452607958569057, 15.93322175876429 ], [ -16.44957990952377, 15.941593124468771 ], [ -16.447414322243212, 15.950211334590852 ], [ -16.44613216198557, 15.958993408092823 ], [ -16.445745892977548, 15.967854774953604 ], [ -16.446259353925939, 15.976710090358656 ], [ -16.447667716491789, 15.985474056777814 ], [ -16.449957527301645, 15.994062246010451 ], [ -16.453106833264574, 16.002391913261548 ], [ -16.457085389153129, 16.010382795373268 ], [ -16.461854945599477, 16.017957885474637 ], [ -16.467369614863003, 16.025044176526063 ], [ -16.473576310950424, 16.031573366524587 ], [ -16.480415259923415, 16.037482518497232 ], [ -16.487820575519105, 16.042714668840397 ], [ -16.495720894544466, 16.047219378059602 ], [ -16.502422491229225, 16.05022725039608 ], [ -16.463098, 16.135036 ], [ -16.329108358109341, 16.260684373773248 ], [ -16.330576811536787, 16.258745570390776 ], [ -16.335245747667528, 16.251108494596522 ], [ -16.339116973402898, 16.243066062904735 ], [ -16.342153291892295, 16.234695766407608 ], [ -16.34432556203295, 16.226078244364967 ], [ -16.345612975219499, 16.217296506517297 ], [ -16.346003251424428, 16.208435132977925 ], [ -16.345492752889683, 16.199579459433892 ], [ -16.344086514511879, 16.190814755509376 ], [ -16.341798190807516, 16.182225404194348 ], [ -16.338649920142998, 16.173894090214262 ], [ -16.334672107699113, 16.165901005115622 ], [ -16.329903129404485, 16.158323076667454 ], [ -16.324388959810502, 16.151233229933776 ], [ -16.318182727585192, 16.144699687058573 ], [ -16.311344202969849, 16.138785312426531 ], [ -16.303939222164658, 16.133547009423246 ], [ -16.296039054183385, 16.129035174522485 ], [ -16.287719716237913, 16.125293213879509 ], [ -16.279061244177598, 16.122357127014062 ], [ -16.270146924912364, 16.120255161529577 ], [ -16.26106249808932, 16.11900754214205 ], [ -16.251895334568459, 16.118626276589502 ], [ -16.242733599450982, 16.119115040266731 ], [ -16.233665407553278, 16.120469140686932 ], [ -16.224777979288969, 16.122675562118179 ], [ -16.216156804920363, 16.125713089985876 ], [ -16.207884825069112, 16.129552513878064 ], [ -16.20004163523409, 16.134156907246915 ], [ -16.192702721853248, 16.139481981171997 ], [ -16.185938737167312, 16.145476508847359 ], [ -16.179814819797677, 16.152082816779867 ], [ -16.174389967541952, 16.159237338048143 ], [ -16.169716468420429, 16.16687122237504 ], [ -16.165839395479171, 16.174910997217875 ], [ -16.162796170273822, 16.183279273584823 ], [ -16.160616199327752, 16.191895489847713 ], [ -16.159320587182595, 16.200676686445838 ], [ -16.158921928945354, 16.209538304065433 ], [ -16.159424184488746, 16.218394997639507 ], [ -16.160822635687648, 16.227161458345012 ], [ -16.163103927280819, 16.235753235680431 ], [ -16.166246191140932, 16.244087551690455 ], [ -16.170219252925122, 16.252084099463097 ], [ -16.174984919270571, 16.25966581816153 ], [ -16.180497342903607, 16.266759637065164 ], [ -16.186703462254389, 16.273297181382109 ], [ -16.193543511421471, 16.279215432954569 ], [ -16.200951595619035, 16.284457339408004 ], [ -16.208856326573358, 16.288972365789537 ], [ -16.217181511721062, 16.292716983296319 ], [ -16.225846890508297, 16.295655090305964 ], [ -16.234768910602881, 16.297758361581245 ], [ -16.243861536417779, 16.299006522224722 ], [ -16.253037082008451, 16.299387543697854 ], [ -16.262207060153322, 16.298897759985625 ], [ -16.271283039259028, 16.297541902774505 ], [ -16.280177499652261, 16.295333055309456 ], [ -16.288804680828932, 16.292292525396977 ], [ -16.297081411328907, 16.288449638816758 ], [ -16.303476918182458, 16.284693649079397 ], [ -16.12069, 16.455663 ], [ -15.623666, 16.369337 ], [ -15.135737, 16.587282 ], [ -14.577348, 16.598264 ], [ -14.099521, 16.304302 ], [ -13.435738, 16.039383 ], [ -12.830658, 15.303692 ], [ -12.17075, 14.616834 ], [ -12.124887, 13.994727 ], [ -11.927716, 13.422075 ], [ -11.553398, 13.141214 ], [ -11.467899, 12.754519 ], [ -11.513943, 12.442988 ], [ -11.658301, 12.386583 ], [ -12.203565, 12.465648 ], [ -12.278599, 12.35444 ], [ -12.499051, 12.33209 ], [ -13.217818, 12.575874 ], [ -13.700476, 12.586183 ], [ -15.113406875131878, 12.619436291413622 ], [ -15.040185440288178, 12.617896636996594 ], [ -15.034757197995397, 12.623780263394078 ], [ -15.029375150699723, 12.630908855778493 ], [ -15.024730216039591, 12.638521107909263 ], [ -15.020867170301706, 12.646543748200893 ], [ -15.017823274646503, 12.654899548061824 ], [ -15.015627914080433, 12.663508064340743 ], [ -15.014302311786464, 12.672286412954893 ], [ -15.013859321663569, 12.681150066292947 ], [ -15.014303301188448, 12.690013666746429 ], [ -15.015630065950933, 12.698791848557118 ], [ -15.017826926434893, 12.707400060075699 ], [ -15.020872806826043, 12.715755378510172 ], [ -15.02473844483484, 12.723777309301866 ], [ -15.029386670733604, 12.731388562402568 ], [ -15.034772763030492, 12.738515797936977 ], [ -15.040844877446839, 12.745090334019444 ], [ -15.047544545136308, 12.751048809849967 ], [ -15.054807235392456, 12.756333797639165 ], [ -15.062562977443269, 12.760894357401053 ], [ -15.070737035334078, 12.764686529201985 ], [ -15.079250629361274, 12.767673758058457 ], [ -15.088021697044415, 12.769827247329902 ], [ -15.092108664448592, 12.770420861690111 ], [ -15.091071264739929, 12.774491908669493 ], [ -15.089747697176655, 12.783270553088652 ], [ -15.089307151270251, 12.792134248773761 ], [ -15.089753961880906, 12.800997637206972 ], [ -15.091083918142514, 12.809775354091977 ], [ -15.093284300467181, 12.818382851620852 ], [ -15.096333999617048, 12.826737213209883 ], [ -15.100203716829986, 12.834757952841487 ], [ -15.104856243196135, 12.84236779128498 ], [ -15.110246815705226, 12.849493401680007 ], [ -15.116323546627569, 12.856066117251391 ], [ -15.123027922163304, 12.862022594280413 ], [ -15.130295365601837, 12.867305423882643 ], [ -15.138055859584972, 12.871863686631983 ], [ -15.14623462146964, 12.875653444620228 ], [ -15.15475282524687, 12.8786381661465 ], [ -15.163528362998447, 12.880789078884423 ], [ -15.172476638468078, 12.882085448071537 ], [ -15.181511384993787, 12.882514776997393 ], [ -15.190545499797675, 12.882072927826883 ], [ -15.199491886460594, 12.880764161575911 ], [ -15.208264297324906, 12.878601096849213 ], [ -15.216778167569839, 12.875604587746718 ], [ -15.224951432790137, 12.871803522137416 ], [ -15.232705322079534, 12.867234542279425 ], [ -15.239965118873208, 12.861941690524301 ], [ -15.246660882135075, 12.85597598357444 ], [ -15.252728120882207, 12.849394919457628 ], [ -15.258108415515002, 12.842261922034835 ], [ -15.262749979962242, 12.834645728460639 ], [ -15.266608159248287, 12.826619725563582 ], [ -15.269645857738933, 12.818261241601407 ], [ -15.271833894014881, 12.80965080026948 ], [ -15.273151279050381, 12.800871344195004 ], [ -15.273585415130976, 12.792007435433083 ], [ -15.273132213720924, 12.783144440689876 ], [ -15.271796131279618, 12.774367709132539 ], [ -15.269590122819293, 12.76576175070379 ], [ -15.266535513786192, 12.757409422841111 ], [ -15.262661791626217, 12.749391133407762 ], [ -15.258006319157435, 12.741784067475303 ], [ -15.252613972608088, 12.73466144535856 ], [ -15.246536707884571, 12.7280918189952 ], [ -15.23983305930199, 12.722138413387523 ], [ -15.232567575636084, 12.7168585193868 ], [ -15.224810198933397, 12.712302943605255 ], [ -15.216635592042509, 12.708515520691892 ], [ -15.208122421298604, 12.705532692611333 ], [ -15.199352601202905, 12.703383158925281 ], [ -15.195266478541715, 12.702791188198606 ], [ -15.19630193230631, 12.698719732196924 ], [ -15.197621421549803, 12.689940543823536 ], [ -15.19805806584989, 12.681076642533013 ], [ -15.197607751594749, 12.672213395462391 ], [ -15.196274906633132, 12.663436154789721 ], [ -15.194072454138523, 12.654829435997268 ], [ -15.191021684822175, 12.646476104512931 ], [ -15.187152048851996, 12.638456578538634 ], [ -15.182500869595401, 12.630848055707416 ], [ -15.177112982041004, 12.623723770972374 ], [ -15.174320357117812, 12.620701826304218 ], [ -15.450597056498848, 12.626267044542814 ], [ -15.448425491028146, 12.632259715694502 ], [ -15.446244802297718, 12.640871527950925 ], [ -15.444934063838131, 12.649651766951479 ], [ -15.444505987183751, 12.658515883887834 ], [ -15.444964786325357, 12.667378513593533 ], [ -15.446306133621709, 12.676154296583036 ], [ -15.448517197979081, 12.684758701368219 ], [ -15.451576765066044, 12.693108839125721 ], [ -15.455455438536449, 12.701124262849403 ], [ -15.460115920443736, 12.708727743259642 ], [ -15.465513368252676, 12.715846013953653 ], [ -15.471595825098186, 12.722410478567966 ], [ -15.478304719212888, 12.728357873082278 ], [ -15.480563012304142, 12.729995721848288 ], [ -15.481166008763623, 12.733936036113693 ], [ -15.48337880575926, 12.742540054899274 ], [ -15.486440258132919, 12.750889690138019 ], [ -15.490320951558896, 12.758904499337506 ], [ -15.49498356871398, 12.766507258816647 ], [ -15.50038324647282, 12.773624708814454 ], [ -15.506468006365997, 12.780188260600097 ], [ -15.513179254220562, 12.786134658713703 ], [ -15.520452344210957, 12.791406591894068 ], [ -15.528217201900711, 12.795953246741155 ], [ -15.536399000258889, 12.799730798712833 ], [ -15.544918882097688, 12.802702835661959 ], [ -15.553694721904078, 12.804840709775132 ], [ -15.562641919635723, 12.806123814472434 ], [ -15.571674218723754, 12.806539783560464 ], [ -15.580704540276372, 12.806084610692023 ], [ -15.589645825311306, 12.804762687966727 ], [ -15.598411876763134, 12.802586763299804 ], [ -15.606918193015025, 12.799577816982872 ], [ -15.615082784793167, 12.795764858652323 ], [ -15.62282696743479, 12.79118464666014 ], [ -15.630076120795449, 12.785881332600205 ], [ -15.636760409394425, 12.779906034472519 ], [ -15.642815455804978, 12.773316342661522 ], [ -15.648182960773529, 12.766175763555026 ], [ -15.652811264093089, 12.75855310623165 ], [ -15.656655840854816, 12.750521818190567 ], [ -15.659679728350806, 12.742159276583372 ], [ -15.661853879593545, 12.733546041828776 ], [ -15.663157440145383, 12.724765080843767 ], [ -15.663577945707067, 12.715900967406233 ], [ -15.663111438689954, 12.707039067371722 ], [ -15.661762502784057, 12.698264716600022 ], [ -15.659544215325704, 12.689662399504057 ], [ -15.656478018057079, 12.681314936114854 ], [ -15.652593507647314, 12.673302685462518 ], [ -15.647928148104555, 12.665702772905203 ], [ -15.64252690794352, 12.658588348798787 ], [ -15.636441825677217, 12.65202788559111 ], [ -15.629731507868783, 12.646084520049795 ], [ -15.62747307861888, 12.644447937852643 ], [ -15.626868115808085, 12.640508014284181 ], [ -15.624651579665386, 12.631905289003754 ], [ -15.621587279878607, 12.623557300478472 ], [ -15.617704794668668, 12.615544413121293 ], [ -15.613041568465526, 12.607943758741314 ], [ -15.609094297160011, 12.602741777345109 ], [ -15.816574, 12.515567 ], [ -16.147717, 12.547762 ], [ -16.068038326188955, 12.540053649701257 ], [ -16.065210522607689, 12.545989295704628 ], [ -16.062202022155368, 12.5543555490516 ], [ -16.06004262298174, 12.562971190013366 ], [ -16.058753204975254, 12.571753259076031 ], [ -16.058346275079558, 12.580617185490933 ], [ -16.058825843437411, 12.589477601502184 ], [ -16.060187381272335, 12.598249164580679 ], [ -16.062417861047617, 12.606847379745041 ], [ -16.065495878649276, 12.615189414036337 ], [ -16.069391856544115, 12.623194895276725 ], [ -16.074068326073224, 12.63078668738174 ], [ -16.079480286263827, 12.637891634711632 ], [ -16.085575635785769, 12.644441268236664 ], [ -16.092295673951337, 12.650372466652401 ], [ -16.099575665966494, 12.655628066011239 ], [ -16.107345466995596, 12.660157411930419 ], [ -16.115530199007338, 12.663916848991549 ], [ -16.12405097383434, 12.666870142555526 ], [ -16.132825655408372, 12.668988828874376 ], [ -16.141769653733423, 12.670252490081539 ], [ -16.150796742834462, 12.670648951376421 ], [ -16.159819894674904, 12.670174398481484 ], [ -16.168752120873037, 12.668833414231479 ], [ -16.177507313969585, 12.666638933947812 ], [ -16.18600108000528, 12.663612120046951 ], [ -16.194151554259449, 12.659782157123109 ], [ -16.201880192176372, 12.655185969523304 ], [ -16.209112527763324, 12.649867864189225 ], [ -16.215778892080074, 12.643879102268079 ], [ -16.221815084848991, 12.637277403685568 ], [ -16.227162992693881, 12.630126389522191 ], [ -16.231771148057661, 12.622494967632411 ], [ -16.235595223447991, 12.614456667489538 ], [ -16.238598456309028, 12.606088930721823 ], [ -16.24075200050935, 12.59747236422381 ], [ -16.242035201162853, 12.588689963076783 ], [ -16.242435790253879, 12.579826310790956 ], [ -16.24195000131169, 12.570966764587563 ], [ -16.240582602164842, 12.562196633569705 ], [ -16.238346845595782, 12.553600357685912 ], [ -16.235264338501992, 12.545260695370217 ], [ -16.231364830945189, 12.537257927647412 ], [ -16.226685927227692, 12.52966908632359 ], [ -16.222907619498706, 12.524712179888814 ], [ -16.677452, 12.384852 ], [ -16.841525, 13.151394 ], [ -15.931296, 13.130284 ], [ -15.691001, 13.270353 ], [ -15.511813, 13.27857 ], [ -15.141163, 13.509512 ], [ -14.712197, 13.298207 ], [ -14.277702, 13.280585 ], [ -13.844963, 13.505042 ], [ -14.046992, 13.794068 ], [ -14.280947496702714, 13.674659499849861 ], [ -14.276961106431024, 13.681119217833626 ], [ -14.273056728401395, 13.689128874574552 ], [ -14.269973823180605, 13.697474099378367 ], [ -14.267742154096359, 13.706074557489499 ], [ -14.266383298486421, 13.714847448960395 ], [ -14.265910436656137, 13.723708304993183 ], [ -14.266328221361006, 13.732571800664171 ], [ -14.267632729207229, 13.74135257623545 ], [ -14.269811494583291, 13.749966059162718 ], [ -14.272843625944377, 13.758329278887587 ], [ -14.276700003476108, 13.766361666557902 ], [ -14.28134355637234, 13.773985831950746 ], [ -14.286729617181557, 13.78112831007885 ], [ -14.292806349915555, 13.787720270241048 ], [ -14.299515247880715, 13.793698180628901 ], [ -14.306791696494177, 13.799004422021593 ], [ -14.314565595692276, 13.803587844586236 ], [ -14.322762035934373, 13.807404262346266 ], [ -14.331302021258466, 13.810416880481696 ], [ -14.340103232362619, 13.812596651275374 ], [ -14.349080822273706, 13.813922555213674 ], [ -14.358148236827752, 13.814381804479847 ], [ -14.367218051928294, 13.813969966837693 ], [ -14.376202819373983, 13.812691008683121 ], [ -14.385015912956366, 13.810557256834583 ], [ -14.393572366524852, 13.807589279431065 ], [ -14.401789695797834, 13.803815687100769 ], [ -14.409588695866523, 13.799272856345869 ], [ -14.41689420658853, 13.794004577851164 ], [ -14.423635838398816, 13.788061633158661 ], [ -14.429748651472279, 13.781501303849062 ], [ -14.435173781649558, 13.774386818027404 ], [ -14.439859007080495, 13.766786739517176 ], [ -14.443759250140877, 13.758774305719443 ], [ -14.44683700983119, 13.750426720585061 ], [ -14.449062720563331, 13.741824409575097 ], [ -14.450415033974794, 13.733050243842369 ], [ -14.450881021171867, 13.724188741153473 ], [ -14.45045629358567, 13.715325251282543 ], [ -14.449145041419325, 13.706545133744676 ], [ -14.446959989463304, 13.697932935796651 ], [ -14.443922270851115, 13.689571578616363 ], [ -14.44006122011163, 13.681541559480099 ], [ -14.435414087639995, 13.673920177590016 ], [ -14.430025678449676, 13.666780790965555 ], [ -14.423947918777227, 13.660192111503552 ], [ -14.417239354782614, 13.654217544937175 ], [ -14.409964588216107, 13.648914581985974 ], [ -14.40219365450274, 13.644334246493838 ], [ -14.394001349222284, 13.640520605802315 ], [ -14.385466509432913, 13.637510348009554 ], [ -14.376671256696307, 13.635332430125366 ], [ -14.367700209007991, 13.634007800456502 ], [ -14.361092820999785, 13.63367339776034 ], [ -14.376714, 13.62568 ], [ -14.687031, 13.630357 ], [ -15.081735, 13.876492 ], [ -15.39877, 13.860369 ], [ -15.624596, 13.623587 ], [ -16.713729, 13.594959 ], [ -17.082241722910595, 14.291027027969093 ] ], [ [ -17.301582618438523, 14.499003555507466 ], [ -17.295242395081885, 14.504716179563209 ], [ -17.289198546603384, 14.511345065532538 ], [ -17.283850398396986, 14.518519082113178 ], [ -17.279249503904182, 14.526169183016753 ], [ -17.275440237936508, 14.534221730288291 ], [ -17.272459366843979, 14.542599202070136 ], [ -17.270335691365194, 14.551220938072952 ], [ -17.269089765712792, 14.560003915617859 ], [ -17.269026937588613, 14.56156714165621 ], [ -17.26485388255, 14.566142296821747 ], [ -17.259503812300146, 14.573316031497139 ], [ -17.254901156346456, 14.580965906125122 ], [ -17.251500797700892, 14.588150937539421 ], [ -17.248695466360807, 14.587773270793695 ], [ -17.239598044105247, 14.587425633716649 ], [ -17.230509361678532, 14.587947724939987 ], [ -17.22151684391466, 14.58933453749669 ], [ -17.21270699695566, 14.591572745717825 ], [ -17.204164578826131, 14.594640832424011 ], [ -17.195971786424511, 14.598509294709739 ], [ -17.188207466638428, 14.603140926392037 ], [ -17.180946359079037, 14.608491174465655 ], [ -17.174258377648357, 14.614508566200604 ], [ -17.172090077366633, 14.616883416228688 ], [ -17.171182415376911, 14.616576685330976 ], [ -17.162328570972985, 14.614504400898367 ], [ -17.153308832312224, 14.613286778186945 ], [ -17.14420995740528, 14.612935543819299 ], [ -17.13511946561588, 14.613454090895237 ], [ -17.12612479889717, 14.614837445906437 ], [ -17.117312483646433, 14.617072315856449 ], [ -17.108767301101395, 14.620137215161485 ], [ -17.100571474129286, 14.624002671151718 ], [ -17.092803878117138, 14.628631506246478 ], [ -17.08553928345944, 14.63397919414742 ], [ -17.078847636858455, 14.639994286687553 ], [ -17.072793388305314, 14.646618907298292 ], [ -17.072775108616288, 14.646643368814889 ], [ -17.071629140500903, 14.647673347946288 ], [ -17.065574469819552, 14.654297832549355 ], [ -17.060835998996229, 14.660637966292626 ], [ -17.059171153032604, 14.657988793796209 ], [ -17.053679152097182, 14.650914608494052 ], [ -17.047501752394147, 14.644398365342823 ], [ -17.040698439800877, 14.638502767222095 ], [ -17.033334707178948, 14.633284542811303 ], [ -17.025481424696345, 14.628793902124499 ], [ -17.017214159113671, 14.625074054634293 ], [ -17.008612448519386, 14.622160794564 ], [ -16.999759039403369, 14.620082157289978 ], [ -16.99073909329929, 14.618858150122561 ], [ -16.981639370502684, 14.618500560030924 ], [ -16.972547398580183, 14.619012840149692 ], [ -16.963550633525422, 14.620390076160477 ], [ -16.954735621486687, 14.622619032886503 ], [ -16.946187168990512, 14.625678280679153 ], [ -16.937987529513283, 14.629538400419435 ], [ -16.930215614110519, 14.634162265211119 ], [ -16.922946233601131, 14.639505396112893 ], [ -16.916249379523382, 14.645516388551028 ], [ -16.910189550732248, 14.652137405377788 ], [ -16.904825132096768, 14.659304731901514 ], [ -16.900207831283897, 14.666949387616645 ], [ -16.896382179085659, 14.674997788813153 ], [ -16.893385098163296, 14.683372455748779 ], [ -16.891245544449806, 14.691992757630631 ], [ -16.889984224776292, 14.700775688277872 ], [ -16.889613393573207, 14.709636665029874 ], [ -16.890136730750811, 14.718490343226717 ], [ -16.891549302091146, 14.727251438424359 ], [ -16.893837602692582, 14.735835548417159 ], [ -16.896979683205966, 14.744159967127802 ], [ -16.900945357795383, 14.752144482488189 ], [ -16.90569649195513, 14.759712150576521 ], [ -16.911187367525596, 14.766790038493093 ], [ -16.917365121482796, 14.773309928749374 ], [ -16.924170254337461, 14.779208978309551 ], [ -16.931537203278165, 14.784430325856968 ], [ -16.939394974536985, 14.788923641356627 ], [ -16.947667828852939, 14.792645612543653 ], [ -16.956276013365738, 14.795560363581469 ], [ -16.965136532795782, 14.797639801795986 ], [ -16.974163952362709, 14.798863889096667 ], [ -16.983271224568274, 14.799220835434593 ], [ -16.992370531724383, 14.79870721241427 ], [ -17.001374135946726, 14.79732798596137 ], [ -17.010195228260251, 14.795096467744804 ], [ -17.018748768476094, 14.792034185850552 ], [ -17.026952307599604, 14.7881706759972 ], [ -17.034726784714703, 14.783543195361817 ], [ -17.041997290558623, 14.778196361841056 ], [ -17.048693790348853, 14.772181722298502 ], [ -17.054751798847388, 14.765557254038017 ], [ -17.059492314540655, 14.75921698168831 ], [ -17.06115809989592, 14.761866030148109 ], [ -17.066653586255516, 14.768939583252203 ], [ -17.072835499838245, 14.775454721251085 ], [ -17.079644299864839, 14.7813486467864 ], [ -17.087014386980794, 14.786564548020227 ], [ -17.094874736021207, 14.791052147716023 ], [ -17.103149581821896, 14.794768189205254 ], [ -17.111759151404172, 14.79767685448904 ], [ -17.120620435384815, 14.799750110387157 ], [ -17.129647991059979, 14.800967979352093 ], [ -17.138754769285992, 14.801318732305401 ], [ -17.14785295703614, 14.800799001620591 ], [ -17.156854827353087, 14.799413813162351 ], [ -17.165673588343459, 14.797176537088328 ], [ -17.174224222875434, 14.794108757918442 ], [ -17.180033090616735, 14.791368253051782 ], [ -17.18006749449594, 14.791936813243776 ], [ -17.181492317788098, 14.800694531143105 ], [ -17.183792780762182, 14.809274154484454 ], [ -17.186946816305596, 14.817593018443285 ], [ -17.190924122380355, 14.825570962684921 ], [ -17.195686451000029, 14.8331311050712 ], [ -17.201187974394671, 14.840200583999076 ], [ -17.207375724925136, 14.846711262148574 ], [ -17.214190104569351, 14.852600384783676 ], [ -17.221565459101377, 14.857811186184614 ], [ -17.22943071142846, 14.862293438289923 ], [ -17.237710047948465, 14.866003936187226 ], [ -17.246323651248023, 14.868906915706566 ], [ -17.255188471986219, 14.870974399034067 ], [ -17.256450881728579, 14.871143860098508 ], [ -17.262176308359741, 14.877163995960229 ], [ -17.268993014501977, 14.883051135300271 ], [ -17.269272645887398, 14.883248570114919 ], [ -17.625043, 14.729541 ], [ -17.301582618438523, 14.499003555507466 ] ], [ [ -15.297099743108346, 13.865584450012575 ], [ -15.293368335956556, 13.869616809835536 ], [ -15.287966886078067, 13.876750399459487 ], [ -15.283306815012983, 13.884366799813167 ], [ -15.279433051252985, 13.892392702451932 ], [ -15.276382966999661, 13.900750849661783 ], [ -15.274186015767834, 13.909360777097719 ], [ -15.272863445714803, 13.918139587561583 ], [ -15.272428091568791, 13.927002748512722 ], [ -15.272884247290065, 13.935864905665024 ], [ -15.274227620832821, 13.944640704856567 ], [ -15.276445371592297, 13.953245614284807 ], [ -15.279516230326355, 13.961596739182731 ], [ -15.2834107005422, 13.96961362106993 ], [ -15.288091339543806, 13.977219013847758 ], [ -15.293513116552941, 13.984339629218209 ], [ -15.299623844553722, 13.990906844190865 ], [ -15.306364681775948, 13.996857363798707 ], [ -15.313670698033903, 14.002133832568987 ], [ -15.321471500482659, 14.006685388785332 ], [ -15.329691912750881, 14.010468156128267 ], [ -15.33825270086445, 14.013445667887019 ], [ -15.347071338895711, 14.015589219590762 ], [ -15.356062806864507, 14.0168781466054 ], [ -15.363756600018602, 14.017235734030672 ], [ -15.363763515740958, 14.017368999495622 ], [ -15.36511086444377, 14.026144152961882 ], [ -15.367332825458334, 14.034748084372341 ], [ -15.370408089232702, 14.043097907659508 ], [ -15.374307116900574, 14.051113176182533 ], [ -15.378992421734798, 14.058716658735074 ], [ -15.384418927697753, 14.065835084845615 ], [ -15.390534401734175, 14.072399852134657 ], [ -15.397279955716945, 14.078347688850297 ], [ -15.404590613257284, 14.083621265129246 ], [ -15.412395935935967, 14.088169747021178 ], [ -15.420620702908746, 14.091949287865315 ], [ -15.429185637294509, 14.094923452214676 ], [ -15.438008172275071, 14.097063568158882 ], [ -15.447003249427008, 14.098349004594958 ], [ -15.456084141473296, 14.098767370729503 ], [ -15.465163291390189, 14.098314635857834 ], [ -15.472612842294254, 14.097221269624743 ], [ -15.475016212385794, 14.099338748053967 ], [ -15.482329265240502, 14.104609886083233 ], [ -15.490136775765015, 14.109155775338905 ], [ -15.498363501426988, 14.112932594329404 ], [ -15.506930145903929, 14.115903934121251 ], [ -15.515754125392535, 14.118041150394973 ], [ -15.524750367123984, 14.119323640435237 ], [ -15.533832132270479, 14.119739042341823 ], [ -15.5429118551763, 14.119283354510618 ], [ -15.551901990678072, 14.117960974216189 ], [ -15.56071586119586, 14.115784654922473 ], [ -15.569268495280111, 14.112775382746007 ], [ -15.577477449389413, 14.108962173290186 ], [ -15.585263604849157, 14.104381790849661 ], [ -15.59255193219931, 14.099078392743598 ], [ -15.599272215477464, 14.093103102267502 ], [ -15.605359729396437, 14.086513514447843 ], [ -15.610755862859376, 14.079373139434763 ], [ -15.615408682803301, 14.071750788970043 ], [ -15.619273432967693, 14.063719911913228 ], [ -15.622312962841319, 14.05535788529451 ], [ -15.62449808274029, 14.046745267783288 ], [ -15.625807841705326, 14.037965022812966 ], [ -15.626229725668903, 14.029101718882822 ], [ -15.625759774124841, 14.02024071476378 ], [ -15.624402614326273, 14.011467337466208 ], [ -15.62217141283471, 14.002866060882852 ], [ -15.61908774503557, 13.994519692999463 ], [ -15.615181384016612, 13.986508579469771 ], [ -15.610490010968174, 13.978909831182058 ], [ -15.605058850000894, 13.971796583203494 ], [ -15.598940230982176, 13.965237292178182 ], [ -15.592193084660222, 13.959295078879149 ], [ -15.584882374969098, 13.954027122176564 ], [ -15.577078473985141, 13.949484110188918 ], [ -15.568856485529004, 13.945709753835384 ], [ -15.560295523875272, 13.942740367410972 ], [ -15.551477954439125, 13.940604520167659 ], [ -15.542488603653595, 13.939322762209146 ], [ -15.533413945529778, 13.9389074273018 ], [ -15.524341272602737, 13.939362514474917 ], [ -15.516897086681695, 13.94045730933523 ], [ -15.514495050480681, 13.93834017687046 ], [ -15.50718669216892, 13.933069788408453 ], [ -15.499384936220535, 13.928524197730122 ], [ -15.491164866413257, 13.924747140387918 ], [ -15.482605579119037, 13.92177495638853 ], [ -15.473789424141088, 13.919636241537919 ], [ -15.464801214721861, 13.918351573095249 ], [ -15.457110644136124, 13.917997094864486 ], [ -15.457103679446217, 13.917863832372431 ], [ -15.455753611201294, 13.909089189877932 ], [ -15.453529731076641, 13.900486035617979 ], [ -15.450453543861524, 13.892137196910062 ], [ -15.446554750818992, 13.884123044378281 ], [ -15.441870960769277, 13.876520719234376 ], [ -15.436447325584643, 13.869403391889453 ], [ -15.430336103691111, 13.862839558977328 ], [ -15.423596155840636, 13.856892385494424 ], [ -15.416292378042606, 13.851619098323624 ], [ -15.410405794942331, 13.848185120119267 ], [ -15.39877, 13.860369 ], [ -15.297099743108346, 13.865584450012575 ] ], [ [ -16.554352481646422, 13.758148818552684 ], [ -16.548993623898998, 13.765307556103739 ], [ -16.544378132511095, 13.772945182111027 ], [ -16.540550514849098, 13.780988178977342 ], [ -16.537547705665784, 13.789359118194421 ], [ -16.535398708648476, 13.797977404862522 ], [ -16.534124313869906, 13.806760053008066 ], [ -16.533736893983523, 13.815622484266761 ], [ -16.534240281261333, 13.824479342262434 ], [ -16.535629726803052, 13.833245314847211 ], [ -16.537891942458288, 13.84183595627888 ], [ -16.541005225205133, 13.850168501398111 ], [ -16.544939662927298, 13.858162663931582 ], [ -16.549657419734988, 13.865741411187749 ], [ -16.555113098190898, 13.872831707628325 ], [ -16.561254175039437, 13.879365220089587 ], [ -16.568021506303555, 13.885278977790614 ], [ -16.575349896916364, 13.890515980697336 ], [ -16.583168729403386, 13.895025750308021 ], [ -16.591402645531481, 13.898764817482796 ], [ -16.599972274301074, 13.901697142551406 ], [ -16.608794999184191, 13.903794463593943 ], [ -16.61778575710871, 13.905036569491669 ], [ -16.626857861363685, 13.905411495082513 ], [ -16.635923840355336, 13.904915636520322 ], [ -16.644896283982042, 13.903553785720854 ], [ -16.653688689320493, 13.90133908357252 ], [ -16.66221629732566, 13.898292892387504 ], [ -16.670396912343683, 13.89444458886117 ], [ -16.678151696418126, 13.889831279585749 ], [ -16.685405930633618, 13.88449744192104 ], [ -16.69208973608357, 13.878494493751317 ], [ -16.698138747465809, 13.871880296347886 ], [ -16.703494732796525, 13.864718595202506 ], [ -16.70810615328293, 13.857078404293247 ], [ -16.711928658001856, 13.849033339784377 ], [ -16.714925508688161, 13.840660909641812 ], [ -16.717067930635633, 13.832041766060062 ], [ -16.718335386446622, 13.823258927942929 ], [ -16.718715770126728, 13.81439698095495 ], [ -16.718205519799653, 13.805541262862047 ], [ -16.716809648107166, 13.796777042006555 ], [ -16.714541690151727, 13.788188696813222 ], [ -16.711423569627854, 13.779858904198877 ], [ -16.707485384564805, 13.77186784466034 ], [ -16.702765114861165, 13.764292431643444 ], [ -16.697308254524597, 13.757205572554028 ], [ -16.691167372231266, 13.750675468460596 ], [ -16.684401604483341, 13.744764959162394 ], [ -16.677076086264304, 13.739530919858923 ], [ -16.669261324665463, 13.73502371516178 ], [ -16.661032521478763, 13.731286715642007 ], [ -16.652468851216398, 13.728355881510312 ], [ -16.643652701423683, 13.7262594173901 ], [ -16.634668882494523, 13.72501750146856 ], [ -16.625603814476584, 13.724642091606823 ], [ -16.616544698563249, 13.725136810261313 ], [ -16.607578681110244, 13.726496909322565 ], [ -16.598792018085319, 13.728709315221002 ], [ -16.590269247858856, 13.731752753888681 ], [ -16.582092380171492, 13.735597954408655 ], [ -16.574340108972436, 13.74020792943613 ], [ -16.567087056609832, 13.745538329745079 ], [ -16.560403056573911, 13.75153786954715 ], [ -16.554352481646422, 13.758148818552684 ] ], [ [ -16.352488520153685, 13.96483975653385 ], [ -16.347118920373369, 13.971995020181424 ], [ -16.342493030104603, 13.979629748535482 ], [ -16.338655456297133, 13.987670453272072 ], [ -16.335643229466438, 13.996039729476507 ], [ -16.333485444324491, 14.004656999877454 ], [ -16.332202976341673, 14.013439289932831 ], [ -16.331808277090623, 14.022302026339661 ], [ -16.332305250479283, 14.031159851302187 ], [ -16.333689211211532, 14.03992744472724 ], [ -16.335946926026402, 14.048520346425542 ], [ -16.339056737468677, 14.056855770383235 ], [ -16.342988769141797, 14.064853403230707 ], [ -16.347705210596665, 14.072436179175007 ], [ -16.353160679225265, 14.079531023877742 ], [ -16.359302655763788, 14.086069560050042 ], [ -16.366071989274971, 14.091988767898076 ], [ -16.373403466781035, 14.097231593983393 ], [ -16.376204007526415, 14.098848292522327 ], [ -16.370796418863822, 14.103688348489804 ], [ -16.364731812172376, 14.110295826613852 ], [ -16.362878154785378, 14.112764961472951 ], [ -16.357954916874423, 14.111077049753749 ], [ -16.349125414171432, 14.108971181662687 ], [ -16.340127020303903, 14.107719762423548 ], [ -16.331046293346994, 14.107334838986255 ], [ -16.3219705824133, 14.107820123188432 ], [ -16.312987190355429, 14.109170955819353 ], [ -16.304182536835835, 14.111374350944805 ], [ -16.295641329680056, 14.11440912008652 ], [ -16.287445752358121, 14.11824607509292 ], [ -16.279674675296459, 14.122848307791202 ], [ -16.272402898510869, 14.128171543780679 ], [ -16.265700432770707, 14.134164567021092 ], [ -16.259631826158056, 14.140769711193222 ], [ -16.254255542475306, 14.147923413169389 ], [ -16.249623397483354, 14.155556823334022 ], [ -16.245780058424369, 14.163596466945124 ], [ -16.242762611701455, 14.171964950231891 ], [ -16.240600202957353, 14.180581704485936 ], [ -16.23931375312068, 14.189363761029153 ], [ -16.23891575327638, 14.198226549632711 ], [ -16.239410140473662, 14.207084712723844 ], [ -16.240792255815446, 14.215852927551127 ], [ -16.243048885386042, 14.224446728388331 ], [ -16.246158383775004, 14.232783320842024 ], [ -16.250090879152697, 14.240782380390284 ], [ -16.254808558055394, 14.248366827418568 ], [ -16.260266027251983, 14.255463571233831 ], [ -16.266410749299499, 14.262004215826964 ], [ -16.273183547658558, 14.26792572051518 ], [ -16.28051917654043, 14.273171009025926 ], [ -16.28834695000317, 14.27768952107931 ], [ -16.296591424211922, 14.281437701081456 ], [ -16.30517312623585, 14.28437941915185 ], [ -16.30836541670125, 14.285140631674986 ], [ -16.312662919981918, 14.288212333717338 ], [ -16.320491787638652, 14.292729684555681 ], [ -16.328737264588746, 14.296476654048957 ], [ -16.337319867972827, 14.299417124083055 ], [ -16.346156855060507, 14.301522751901798 ], [ -16.355163023498093, 14.30277324402855 ], [ -16.364251535629553, 14.303156552305657 ], [ -16.373334758803828, 14.302668990138903 ], [ -16.382325113418133, 14.301315267818097 ], [ -16.391135920368743, 14.299108446580375 ], [ -16.39968223958984, 14.29606981188109 ], [ -16.40788169145635, 14.292228667130212 ], [ -16.415655253007255, 14.287622049931462 ], [ -16.42292802120939, 14.282294373619038 ], [ -16.429629935824568, 14.276296997614752 ], [ -16.435696454860672, 14.269687730819816 ], [ -16.441069176075111, 14.262530272902815 ], [ -16.444278860024848, 14.257233134391779 ], [ -16.446337252061994, 14.257121997447209 ], [ -16.455325120614781, 14.25576572059167 ], [ -16.464133223440303, 14.253556420624236 ], [ -16.472676647118409, 14.250515407253294 ], [ -16.480873040563953, 14.246672007092206 ], [ -16.488643410950026, 14.242063279663613 ], [ -16.495912886655375, 14.236733658717469 ], [ -16.502611439802813, 14.230734522388019 ], [ -16.508674561373567, 14.224123696405989 ], [ -16.514043882370061, 14.216964895229257 ], [ -16.51488023954419, 14.215583421316037 ], [ -16.518683968744416, 14.220519124297294 ], [ -16.524834451287173, 14.227052538867277 ], [ -16.531612151438971, 14.232966199626388 ], [ -16.53895177421709, 14.238203106185907 ], [ -16.546782593369592, 14.24271277968462 ], [ -16.555029134095047, 14.246451750671394 ], [ -16.563611902200769, 14.249383979263552 ], [ -16.572448152589285, 14.251481203473482 ], [ -16.581452689559022, 14.252723212298548 ], [ -16.590538691078262, 14.253098040906874 ], [ -16.599618548945429, 14.252602086016696 ], [ -16.608604716586417, 14.251240140351138 ], [ -16.617410556163431, 14.249025345845775 ], [ -16.625951176680026, 14.245979066084525 ], [ -16.63414425486388, 14.242130679232005 ], [ -16.641910830790628, 14.237517293509336 ], [ -16.649176070476809, 14.232183388017271 ], [ -16.655869988013578, 14.226180382437676 ], [ -16.661928120231682, 14.219566139834642 ], [ -16.667292147376216, 14.212404407422985 ], [ -16.671910453821699, 14.204764200767908 ], [ -16.675738623466707, 14.196719137420207 ], [ -16.678739865105904, 14.188346726470861 ], [ -16.680885363778383, 14.179727620923549 ], [ -16.682154554826589, 14.170944840129371 ], [ -16.682535318162206, 14.162082969802828 ], [ -16.682024091016036, 14.153227347338925 ], [ -16.680625898240319, 14.144463240277751 ], [ -16.678354300026122, 14.135875025813721 ], [ -16.675231257688125, 14.127545379222401 ], [ -16.671286918946727, 14.119554478978895 ], [ -16.666559324896355, 14.111979236170118 ], [ -16.661094041581904, 14.104892555560163 ], [ -16.654943719807097, 14.098362635356947 ], [ -16.648167587462556, 14.09245231235168 ], [ -16.640830879282756, 14.0872184586648 ], [ -16.634899071460318, 14.083802642328157 ], [ -16.638645044655547, 14.078800176382208 ], [ -16.643262184854613, 14.071160629392626 ], [ -16.647089719071992, 14.063116071464984 ], [ -16.650090861347056, 14.054744006585773 ], [ -16.652236796688268, 14.046125084285226 ], [ -16.653506955170403, 14.037342322110916 ], [ -16.65388920629206, 14.028480305662512 ], [ -16.653379971867967, 14.019624373907495 ], [ -16.651984256521533, 14.010859797624192 ], [ -16.649715595636881, 14.002270958869854 ], [ -16.646595921418857, 13.993940539347365 ], [ -16.64265534848699, 13.985948725445805 ], [ -16.637931881187914, 13.978372437558436 ], [ -16.632471045544094, 13.971284591038943 ], [ -16.626325449458246, 13.964753395845969 ], [ -16.619554275457062, 13.958841701549348 ], [ -16.612222710879315, 13.953606393933834 ], [ -16.604401320987176, 13.949097848940765 ], [ -16.596165371001153, 13.9453594491402 ], [ -16.587594103524502, 13.942427167330505 ], [ -16.578769978228589, 13.940329221224546 ], [ -16.56977788101365, 13.939085802507444 ], [ -16.560704310136675, 13.938708882846433 ], [ -16.551636547008215, 13.939202098704833 ], [ -16.542661819500474, 13.940560716066445 ], [ -16.533866465679388, 13.942771675420159 ], [ -16.525335105872959, 13.945813716594458 ], [ -16.51714983091626, 13.949657582274288 ], [ -16.50938941427119, 13.954266298285768 ], [ -16.502128555506875, 13.959595528003891 ], [ -16.496249474629792, 13.964865828645573 ], [ -16.495584327337298, 13.964001401887037 ], [ -16.489442427387946, 13.957466317996367 ], [ -16.482674562499707, 13.951550422186678 ], [ -16.475345889213685, 13.946310640616376 ], [ -16.467526945983217, 13.941797392034001 ], [ -16.459292975427282, 13.938054103848833 ], [ -16.450723201935766, 13.93511679531631 ], [ -16.441900071497731, 13.933013731800621 ], [ -16.432908460966875, 13.931765153402685 ], [ -16.423834864256136, 13.931383080537014 ], [ -16.414766563163163, 13.931871198312434 ], [ -16.405790790669375, 13.933224820825655 ], [ -16.396993894625581, 13.935430935720344 ], [ -16.388460509736731, 13.938468328603843 ], [ -16.380272745686646, 13.942307786156819 ], [ -16.37250939910124, 13.946912376023816 ], [ -16.365245196836796, 13.952237800842596 ], [ -16.358550077799215, 13.958232823063533 ], [ -16.352488520153685, 13.96483975653385 ] ], [ [ -16.537728732928294, 14.362429763396023 ], [ -16.53235724347493, 14.369589283381895 ], [ -16.527731168004507, 14.377227518436175 ], [ -16.523895118092231, 14.385270947079869 ], [ -16.520886112770356, 14.393642138406122 ], [ -16.518733219147151, 14.402260496555257 ], [ -16.51745726910336, 14.411043035985097 ], [ -16.517070654920726, 14.41990518010677 ], [ -16.517577205952243, 14.428761575618333 ], [ -16.518972147673491, 14.437526914703252 ], [ -16.521242143665233, 14.446116757170627 ], [ -16.524365420277437, 14.454448344599948 ], [ -16.528311972920854, 14.462441398615931 ], [ -16.533043852132941, 14.470018895559072 ], [ -16.538515526777896, 14.477107810033297 ], [ -16.54467432097421, 14.483639820102644 ], [ -16.551460920605994, 14.489551967271353 ], [ -16.558809944573955, 14.494787264813711 ], [ -16.566650575286864, 14.499295248516125 ], [ -16.574907242291637, 14.503032464451243 ], [ -16.583500352397436, 14.505962889015777 ], [ -16.592347059172365, 14.50805827712427 ], [ -16.601362064286931, 14.509298435154431 ], [ -16.610458442850653, 14.509671415977191 ], [ -16.619548484641737, 14.509173634170187 ], [ -16.628544542967266, 14.507809900298152 ], [ -16.637359882814941, 14.505593373939005 ], [ -16.645909519968029, 14.502545435933673 ], [ -16.654111042852399, 14.498695481129966 ], [ -16.661885409067256, 14.494080633670201 ], [ -16.669157708816496, 14.488745387629368 ], [ -16.675857887802813, 14.482741176537914 ], [ -16.681921422566312, 14.476125876013329 ], [ -16.687289941739373, 14.468963244371437 ], [ -16.6919117872425, 14.461322306684098 ], [ -16.695742510056554, 14.453276688290277 ], [ -16.698745295866789, 14.444903904246969 ], [ -16.700891316576683, 14.436284611620392 ], [ -16.702160004426467, 14.427501831863632 ], [ -16.702539246214783, 14.418640150800909 ], [ -16.702025495903762, 14.409784903939091 ], [ -16.700623804680358, 14.401021354953025 ], [ -16.698347768342007, 14.392433875241634 ], [ -16.69521939266507, 14.38410513242674 ], [ -16.691268878192883, 14.376115295567429 ], [ -16.686534326639443, 14.368541264690366 ], [ -16.681061371838364, 14.361455931993158 ], [ -16.674902738868496, 14.354927481766392 ], [ -16.668117735651734, 14.349018735703051 ], [ -16.660771681939782, 14.343786549825994 ], [ -16.652935281179982, 14.33928126876873 ], [ -16.644683941271488, 14.335546242596784 ], [ -16.636097050687937, 14.332617410761344 ], [ -16.62725721684787, 14.330522957139477 ], [ -16.618249473956517, 14.329283039441163 ], [ -16.609160467819535, 14.328909595559384 ], [ -16.600077625338642, 14.32940622871158 ], [ -16.591088316539558, 14.3307681724755 ], [ -16.582279017052684, 14.332982336066577 ], [ -16.573734478966273, 14.336027429444423 ], [ -16.565536917900062, 14.339874167079422 ], [ -16.55776522400501, 14.344485548463936 ], [ -16.550494204382684, 14.349817212722799 ], [ -16.543793864137509, 14.355817863971744 ], [ -16.537728732928294, 14.362429763396023 ] ], [ [ -16.354374124719367, 14.432149891245002 ], [ -16.348994925869324, 14.439305898308502 ], [ -16.344361048651091, 14.446941206825729 ], [ -16.340517178792066, 14.45498232437121 ], [ -16.337500409905186, 14.463351843350171 ], [ -16.335339883417806, 14.471969185208584 ], [ -16.334056504569823, 14.480751375490785 ], [ -16.333662737341641, 14.489613842318617 ], [ -16.334162480428148, 14.498471230627864 ], [ -16.335551025604968, 14.507238224331982 ], [ -16.337815099044441, 14.515830368492333 ], [ -16.340932985338934, 14.524164883559212 ], [ -16.344874733185286, 14.532161463810285 ], [ -16.349602440884752, 14.539743052251819 ], [ -16.350277325608296, 14.540618572721279 ], [ -16.350192999838129, 14.540730706815122 ], [ -16.345557372981933, 14.548366153460508 ], [ -16.341712129528453, 14.556407369956553 ], [ -16.338694376861877, 14.564776948033677 ], [ -16.336533266537071, 14.573394308793789 ], [ -16.335249710155164, 14.582176477762587 ], [ -16.334856174201917, 14.591038883362542 ], [ -16.335356555967035, 14.599896171142747 ], [ -16.336746141892352, 14.608663025935831 ], [ -16.337577311275489, 14.611815342715319 ], [ -16.33736581007863, 14.611826676809093 ], [ -16.328362699559506, 14.613179758083263 ], [ -16.319538952017499, 14.615385303580455 ], [ -16.310979455669802, 14.618422105093726 ], [ -16.302766567103617, 14.62226095616416 ], [ -16.294979321036628, 14.626864931860718 ], [ -16.287692671460899, 14.632189742677399 ], [ -16.28097677139117, 14.638184159202591 ], [ -16.274896298092287, 14.644790503539573 ], [ -16.269509830250623, 14.651945202817874 ], [ -16.264869283083172, 14.659579399537956 ], [ -16.261019406850096, 14.667619612942532 ], [ -16.25799735365462, 14.675988445112095 ], [ -16.255832316784076, 14.684605325044659 ], [ -16.254545246171517, 14.693387283604567 ], [ -16.254148642845216, 14.702249751916909 ], [ -16.254646434488581, 14.711107375545284 ], [ -16.256033933462909, 14.719874836624825 ], [ -16.258297877856293, 14.728467676030666 ], [ -16.261416555321407, 14.736803107647166 ], [ -16.265360008660512, 14.744800816864496 ], [ -16.270090321315742, 14.752383735567753 ], [ -16.275561980134508, 14.7594787860981 ], [ -16.281722312012249, 14.766017586954508 ], [ -16.283101572902183, 14.767220128980044 ], [ -16.284914063625255, 14.770124843452988 ], [ -16.290386666426887, 14.777219457878006 ], [ -16.296547953404296, 14.78375777725946 ], [ -16.301303426054442, 14.787902905672558 ], [ -16.300745015724846, 14.788509390218962 ], [ -16.295356312510851, 14.795664821701449 ], [ -16.290714092027617, 14.803299616907797 ], [ -16.286863121402774, 14.811340289687221 ], [ -16.283840564197138, 14.819709437978153 ], [ -16.281675619600225, 14.828326487916915 ], [ -16.280389237794861, 14.837108468807115 ], [ -16.279993914360581, 14.845970811526048 ], [ -16.280493565840523, 14.854828162706147 ], [ -16.281883487825869, 14.863595206862961 ], [ -16.284150396122364, 14.872187488550136 ], [ -16.287272550762104, 14.880522226606017 ], [ -16.291219961818985, 14.888519112618631 ], [ -16.295954675184845, 14.896101085873546 ], [ -16.301431135674648, 14.903195077264074 ], [ -16.307596624060523, 14.909732714931875 ], [ -16.314391763894548, 14.915650984767407 ], [ -16.321751093277484, 14.920892839329753 ], [ -16.329603696072322, 14.925407749240764 ], [ -16.337873886456187, 14.929152191664375 ], [ -16.346481940158057, 14.932090071092905 ], [ -16.355344865250153, 14.934193068322273 ], [ -16.364377204953435, 14.935440914200562 ], [ -16.373491864587169, 14.935821585472118 ], [ -16.382600954543584, 14.935331420804589 ], [ -16.391616641004006, 14.933975155871405 ], [ -16.400451996034686, 14.931765877158211 ], [ -16.408741395463242, 14.928824415644524 ], [ -16.411804747784753, 14.933723078714401 ], [ -16.417285823197773, 14.940813873667935 ], [ -16.423455710139219, 14.947347979688853 ], [ -16.430254988903481, 14.9532624164742 ], [ -16.437618156777404, 14.958500173457585 ], [ -16.445474259683635, 14.963010760849738 ], [ -16.453747577135431, 14.966750697731712 ], [ -16.462358353845048, 14.969683932426433 ], [ -16.471223570848629, 14.971782191034848 ], [ -16.480257748603378, 14.973025250726124 ], [ -16.489373774183008, 14.973401135109267 ], [ -16.498483744449128, 14.972906229779094 ], [ -16.507499816912148, 14.971545316915014 ], [ -16.516335059918056, 14.969331528606771 ], [ -16.524904293807243, 14.966286219381249 ], [ -16.53312491478885, 14.962438759197576 ], [ -16.540917693457033, 14.9578262489579 ], [ -16.548207540141835, 14.952493161339147 ], [ -16.554924229633638, 14.946490910478945 ], [ -16.561003078241708, 14.939877354740348 ], [ -16.566385566638978, 14.932716237426755 ], [ -16.571019902500897, 14.925076570915209 ], [ -16.574861517559086, 14.917031970217126 ], [ -16.577873494353369, 14.908659942454976 ], [ -16.580026918671098, 14.900041139158258 ], [ -16.58130115440246, 14.89125857862733 ], [ -16.581684038306594, 14.882396845888183 ], [ -16.581262318535085, 14.87510351386522 ], [ -16.581999142388586, 14.874667057529575 ], [ -16.589285250687048, 14.869332993822329 ], [ -16.595998333994896, 14.863329858237972 ], [ -16.602073743725725, 14.856715517379188 ], [ -16.607452993910201, 14.849553721772125 ], [ -16.612084323504515, 14.841913489943275 ], [ -16.615923193139203, 14.833868441935611 ], [ -16.618932711595008, 14.82549608875277 ], [ -16.621083987997213, 14.816877084634022 ], [ -16.622356406459254, 14.808094449408321 ], [ -16.622737820671929, 14.799232768449913 ], [ -16.622224666718783, 14.790377377958091 ], [ -16.620821993192578, 14.781613543409359 ], [ -16.618543408484964, 14.773025639080174 ], [ -16.615410945913325, 14.764696336513268 ], [ -16.611993449801446, 14.75779372062796 ], [ -16.615377036785009, 14.756588889557166 ], [ -16.623588169957721, 14.752739057642454 ], [ -16.631371652713121, 14.748124327475882 ], [ -16.638652486317358, 14.742789192728065 ], [ -16.645360533509084, 14.736785086690549 ], [ -16.651431194666902, 14.730169884877693 ], [ -16.656806029812365, 14.72300734560393 ], [ -16.661433320465633, 14.71536649400495 ], [ -16.665268565982768, 14.707320955511559 ], [ -16.668274909665367, 14.69894824526423 ], [ -16.670423490637255, 14.690329020370809 ], [ -16.671693718221462, 14.681546302254857 ], [ -16.672073466315542, 14.672684676616317 ], [ -16.671559186046739, 14.663829478726258 ], [ -16.670155935782144, 14.655065971903122 ], [ -16.667877328365456, 14.646478527067865 ], [ -16.664745396243291, 14.63814981125023 ], [ -16.660790375923192, 14.630159992818724 ], [ -16.656050413965303, 14.622585971034141 ], [ -16.650571197443895, 14.615500637282938 ], [ -16.644405512516833, 14.608972175034912 ], [ -16.637612735405625, 14.603063405192398 ], [ -16.630258260709819, 14.597831183060167 ], [ -16.622412872552868, 14.593325852669448 ], [ -16.614152064577667, 14.589590763641574 ], [ -16.605555315274611, 14.586661855181204 ], [ -16.596705325529818, 14.584567311151547 ], [ -16.587687225623451, 14.583327289510352 ], [ -16.585727268393985, 14.583246857496642 ], [ -16.585688573419759, 14.582575307575521 ], [ -16.584289540385384, 14.57381082089211 ], [ -16.582015358590791, 14.565222049567387 ], [ -16.578888017624323, 14.556891674091503 ], [ -16.57493770972458, 14.548899879480032 ], [ -16.570202536200402, 14.541323584641704 ], [ -16.569574014961564, 14.540509849873239 ], [ -16.569087302107793, 14.537458454934931 ], [ -16.56681421421229, 14.528869413768069 ], [ -16.563688077910456, 14.520538701845558 ], [ -16.559739073694871, 14.512546507592331 ], [ -16.555005290232927, 14.50496975393764 ], [ -16.549532355383977, 14.497881359290336 ], [ -16.54337299532796, 14.491349537208855 ], [ -16.536586526103115, 14.485437141437332 ], [ -16.529238282471898, 14.480201062540607 ], [ -16.521398989608187, 14.47569168187565 ], [ -16.517812232044598, 14.474067011463733 ], [ -16.51730266779348, 14.470865962668963 ], [ -16.515032470231279, 14.462276109342822 ], [ -16.51190938941166, 14.453944380154013 ], [ -16.50796357626033, 14.445950973765878 ], [ -16.503233088704004, 14.438372825203066 ], [ -16.497763522983892, 14.431282866694088 ], [ -16.491607573084011, 14.424749327193449 ], [ -16.484824522569284, 14.418835077256608 ], [ -16.477479673750082, 14.413597025502693 ], [ -16.469643719663761, 14.409085572404475 ], [ -16.461392064885427, 14.405344126597059 ], [ -16.452804101645185, 14.402408688300872 ], [ -16.443962448134705, 14.400307503817144 ], [ -16.434952156228359, 14.399060794379812 ], [ -16.425859896121235, 14.398680561943605 ], [ -16.416773125596023, 14.399170473760227 ], [ -16.407779251771014, 14.400525826849034 ], [ -16.39896479325175, 14.40273359271286 ], [ -16.390414550608192, 14.405772541890137 ], [ -16.382210793027443, 14.409613447177788 ], [ -16.374432468850124, 14.414219363613194 ], [ -16.367154447486271, 14.419545982573723 ], [ -16.360446799926727, 14.42554205664656 ], [ -16.354374124719367, 14.432149891245002 ] ], [ [ -16.691032193092877, 14.510487798612839 ], [ -16.685662955469848, 14.517650586724523 ], [ -16.681039933198583, 14.525291515753192 ], [ -16.677207710095221, 14.533337038205794 ], [ -16.674203270038294, 14.541709702703047 ], [ -16.672055637861007, 14.5503288986634 ], [ -16.670785596389873, 14.559111631735584 ], [ -16.670405482483478, 14.567973322547633 ], [ -16.670919064179561, 14.57682862110253 ], [ -16.672321500287271, 14.585592228985579 ], [ -16.674599382971543, 14.594179721458763 ], [ -16.67773086307551, 14.602508361503547 ], [ -16.681685857121909, 14.610497897936876 ], [ -16.686426334134083, 14.618071339865779 ], [ -16.691906679629252, 14.625155699962168 ], [ -16.698074133369623, 14.631682699330767 ], [ -16.704869296718741, 14.637589427106409 ], [ -16.712226704749657, 14.64281894834919 ], [ -16.720075457595811, 14.647320854303507 ], [ -16.728339904932469, 14.651051749644767 ], [ -16.736940376933621, 14.653975671950079 ], [ -16.74579395457252, 14.65606443929097 ], [ -16.754815271729615, 14.657297922549823 ], [ -16.763917341244486, 14.657664239800109 ], [ -16.773012396802336, 14.657159870856512 ], [ -16.782012742383966, 14.655789690886065 ], [ -16.790831600932638, 14.653566922767293 ], [ -16.799383953903028, 14.650513008683372 ], [ -16.807587363455852, 14.646657402227858 ], [ -16.815362769245649, 14.642037283080649 ], [ -16.822635252016219, 14.636697197068694 ], [ -16.829334756564439, 14.630688625152461 ], [ -16.835396767054498, 14.624069485569432 ], [ -16.840762928155694, 14.616903574010943 ], [ -16.845381606031548, 14.609259947304533 ], [ -16.849208383819391, 14.601212256612792 ], [ -16.852206486901203, 14.592838036638453 ], [ -16.85434713396954, 14.584217957738499 ], [ -16.855609810630462, 14.575435048194546 ], [ -16.855982463049205, 14.566573894160014 ], [ -16.855461609926945, 14.557719825003858 ], [ -16.854052371889605, 14.54895809189598 ], [ -16.851768418165204, 14.540373047528378 ], [ -16.848631831216469, 14.532047334840978 ], [ -16.844672890773762, 14.524061092520878 ], [ -16.839929779472168, 14.516491184870812 ], [ -16.834448213029994, 14.509410463399039 ], [ -16.828280998607038, 14.5028870671708 ], [ -16.821487525644788, 14.496983768584597 ], [ -16.814133194111335, 14.491757370798195 ], [ -16.806288785646558, 14.48725816253396 ], [ -16.798029783623846, 14.483529435445082 ], [ -16.78943564860894, 14.480607068628977 ], [ -16.780589056101128, 14.478519184236838 ], [ -16.771575103784027, 14.47728587745455 ], [ -16.762480495789692, 14.47691902342646 ], [ -16.753392711688996, 14.477422162965979 ], [ -16.744399168061364, 14.478790468151692 ], [ -16.735586380566865, 14.481010788152533 ], [ -16.727039134442808, 14.484061774865825 ], [ -16.718839671275159, 14.487914087196001 ], [ -16.711066899752645, 14.492530672055214 ], [ -16.703795637899297, 14.49786711943775 ], [ -16.697095894000782, 14.503872088213905 ], [ -16.691032193092877, 14.510487798612839 ] ], [ [ -16.658721973159512, 14.759211575846367 ], [ -16.653346446535707, 14.766374224071949 ], [ -16.648717972776883, 14.774015022879901 ], [ -16.644881188979173, 14.782060426941465 ], [ -16.641873124075151, 14.79043298686444 ], [ -16.639722839248925, 14.799052093825475 ], [ -16.638451144569547, 14.807834754956776 ], [ -16.638070394702385, 14.81669639205672 ], [ -16.638584365812388, 14.825551655955792 ], [ -16.6399882150011, 14.834315248704025 ], [ -16.642268522829006, 14.842902745655771 ], [ -16.64540341867254, 14.851231409513552 ], [ -16.649362787859467, 14.859220988455833 ], [ -16.654108558724747, 14.86679449061341 ], [ -16.659595066939833, 14.873878927375358 ], [ -16.665769493699859, 14.880406018296386 ], [ -16.67257237361369, 14.886312850740198 ], [ -16.679938167439428, 14.891542487825992 ], [ -16.687795894150845, 14.896044518742103 ], [ -16.696069816215704, 14.899775546048664 ], [ -16.704680171422655, 14.902699605203832 ], [ -16.713543944115308, 14.90478851220956 ], [ -16.722575668286563, 14.90602213597691 ], [ -16.731688254658213, 14.906388592749398 ], [ -16.740793833623815, 14.905884360689091 ], [ -16.749804605770869, 14.904514313515527 ], [ -16.75863369162235, 14.90229167288379 ], [ -16.767195972249372, 14.899237879987259 ], [ -16.775408912505316, 14.895382387663659 ], [ -16.783193358816181, 14.890762375062502 ], [ -16.790474303729333, 14.885422387688889 ], [ -16.79718160977017, 14.879413906366004 ], [ -16.803250685578419, 14.872794849348578 ], [ -16.80862310778819, 14.865629012465361 ], [ -16.813247182671756, 14.85798545276425 ], [ -16.817078442180126, 14.849937821672865 ], [ -16.820080069676173, 14.841563654166137 ], [ -16.822223251361116, 14.832943620845249 ], [ -16.823487450134365, 14.824160750176965 ], [ -16.823860599392287, 14.815299628415016 ], [ -16.823339215055181, 14.806445584924761 ], [ -16.821928424905863, 14.797683870756863 ], [ -16.819641915119632, 14.789098838364723 ], [ -16.816501794657032, 14.780773130334884 ], [ -16.812538378969371, 14.772786884898839 ], [ -16.807789895227081, 14.765216965821738 ], [ -16.802302112014331, 14.758136224019259 ], [ -16.796127897135161, 14.75161279794175 ], [ -16.789326707840154, 14.745709459387617 ], [ -16.781964018403475, 14.740483010969132 ], [ -16.774110690552849, 14.735983740958723 ], [ -16.765842292775581, 14.732254940695475 ], [ -16.757238374987839, 14.729332489136453 ], [ -16.748381705458979, 14.727244508499957 ], [ -16.739357477224203, 14.726011094274559 ], [ -16.730252491495364, 14.725644122163876 ], [ -16.721154325788554, 14.726147133810013 ], [ -16.712150494627089, 14.727515302393559 ], [ -16.703327610748389, 14.729735478453158 ], [ -16.694770554742185, 14.732786315508259 ], [ -16.686561660975745, 14.736638474313226 ], [ -16.678779927519386, 14.741254903824514 ], [ -16.671500257573548, 14.746591196233693 ], [ -16.664792739618278, 14.752596012713262 ], [ -16.658721973159512, 14.759211575846367 ] ], [ [ -16.311491677463035, 12.655005250908966 ], [ -16.306145834544125, 12.662157770956606 ], [ -16.301539420310515, 12.669790314809275 ], [ -16.297716848800629, 12.67782941117113 ], [ -16.294714999069342, 12.686197667177442 ], [ -16.292562857544564, 12.694814512644962 ], [ -16.291281235951853, 12.703596975195019 ], [ -16.290882567632487, 12.712460478816915 ], [ -16.291370784339112, 12.721319658202686 ], [ -16.292741274827094, 12.73008918101991 ], [ -16.29498092577596, 12.738684570200233 ], [ -16.298068244781614, 12.747023018308377 ], [ -16.301973564363148, 12.755024186119988 ], [ -16.306659325136625, 12.762610977677545 ], [ -16.312080435529737, 12.76971028430969 ], [ -16.318184704653735, 12.776253690389943 ], [ -16.324913344220981, 12.782178133973233 ], [ -16.332201534705163, 12.787426515879396 ], [ -16.339979050295003, 12.791948251288524 ], [ -16.348170936597814, 12.795699758468482 ], [ -16.356698234514102, 12.798644879865108 ], [ -16.365478743234227, 12.800755231444191 ], [ -16.374427814908969, 12.802010476875138 ], [ -16.383459173222352, 12.802398523881514 ], [ -16.392485747850976, 12.801915640846561 ], [ -16.401420516632921, 12.800566492543778 ], [ -16.410177347192011, 12.798364094656144 ], [ -16.418671829771935, 12.795329687543727 ], [ -16.426822093127917, 12.791492530510618 ], [ -16.434549595501316, 12.786889618599545 ], [ -16.441779882961111, 12.781565324698622 ], [ -16.448443307733768, 12.775570970471406 ], [ -16.45447569955385, 12.76896433031189 ], [ -16.459818983548182, 12.761809073172767 ], [ -16.464421738709579, 12.754174147712828 ], [ -16.468239691616404, 12.74613311675116 ], [ -16.471236140704224, 12.737763447497441 ], [ -16.473382307088322, 12.72914576444461 ], [ -16.474657608663399, 12.72036307215884 ], [ -16.475049854961505, 12.711499955479182 ], [ -16.474555361023079, 12.702641764843625 ], [ -16.473178979321762, 12.69387379458772 ], [ -16.470934049572847, 12.685280462116214 ], [ -16.46784226704106, 12.676944495826813 ], [ -16.463933470738009, 12.668946139569613 ], [ -16.459245353656588, 12.661362381256263 ], [ -16.453823097921742, 12.654266212992713 ], [ -16.447718938438463, 12.64772592979994 ], [ -16.440991659282556, 12.641804473612202 ], [ -16.433706027701984, 12.636558828805493 ], [ -16.425932171171979, 12.632039475014061 ], [ -16.417744903470325, 12.628289902445218 ], [ -16.409223006206364, 12.625346194306459 ], [ -16.400448472645198, 12.623236680320703 ], [ -16.391505721012994, 12.621981664629828 ], [ -16.382480784748626, 12.621593230681256 ], [ -16.373460487378164, 12.622075124961709 ], [ -16.364531609830532, 12.623422720695208 ], [ -16.355780058083862, 12.625623061863596 ], [ -16.347290039031975, 12.628654987145966 ], [ -16.339143252388649, 12.63248933261421 ], [ -16.33141810630492, 12.637089211273056 ], [ -16.324188964161955, 12.642410366801023 ], [ -16.317525429720821, 12.648401598140719 ], [ -16.311491677463035, 12.655005250908966 ] ], [ [ -15.96162090186453, 12.756019046929341 ], [ -15.956262785056136, 12.763165458561382 ], [ -15.951643827125054, 12.770792888650439 ], [ -15.947808560944802, 12.778827916682168 ], [ -15.944793986286193, 12.787193190872031 ], [ -15.942629211070733, 12.795808171947215 ], [ -15.941335168165923, 12.804589907887751 ], [ -15.940924410557239, 12.813453832201612 ], [ -15.941400986991079, 12.822314578070911 ], [ -15.942760399417875, 12.83108680054155 ], [ -15.944989642781678, 12.839685998838567 ], [ -15.948067326909328, 12.848029330875184 ], [ -15.951963879456001, 12.856036412086185 ], [ -15.956641828072646, 12.863630090855221 ], [ -15.962056159182341, 12.870737193020384 ], [ -15.968154749994888, 12.877289228231378 ], [ -15.974878869660348, 12.883223051292003 ], [ -15.981821419594089, 12.888234382316554 ], [ -15.980209029547183, 12.890384345900118 ], [ -15.975588786177688, 12.898012238242938 ], [ -15.971752674806837, 12.906047622173533 ], [ -15.96873770413003, 12.914413142721379 ], [ -15.966572986778374, 12.923028258395032 ], [ -15.965279456034278, 12.93181001593871 ], [ -15.964869660962117, 12.940673848616912 ], [ -15.965347642050094, 12.949534390364283 ], [ -15.966708888693999, 12.95830629797301 ], [ -15.968940379070288, 12.966905073399726 ], [ -15.972020702152165, 12.975247878259809 ], [ -15.975920260825669, 12.983254332639314 ], [ -15.980601554270738, 12.99084729049385 ], [ -15.986019536993195, 12.997953584118353 ], [ -15.992122051135315, 13.004504730460772 ], [ -15.998850327963101, 13.010437592413046 ], [ -16.006139553735991, 13.015694988642283 ], [ -16.013919494516362, 13.020226246018707 ], [ -16.022115173880213, 13.023987689251221 ], [ -16.030647596952733, 13.026943062950071 ], [ -16.039434513720362, 13.029063881993592 ], [ -16.048391214169182, 13.030329706775962 ], [ -16.057431347473759, 13.030728340647297 ], [ -16.066467757214145, 13.030255947620148 ], [ -16.075413324435136, 13.02891708919811 ], [ -16.084181810282768, 13.026724679975993 ], [ -16.09268868995958, 13.023699862457573 ], [ -16.10085196983195, 13.019871802328773 ], [ -16.108592979698876, 13.015277406202481 ], [ -16.115837132489354, 13.009960964608473 ], [ -16.122514643992105, 13.003973723729848 ], [ -16.128561205632042, 12.997373390079385 ], [ -16.133918603788192, 12.990223572957424 ], [ -16.138535279691428, 12.98259317013196 ], [ -16.142366824541121, 12.974555702725191 ], [ -16.145376405130872, 12.96618860577381 ], [ -16.147535115967134, 12.957572481348953 ], [ -16.148822254593497, 12.948790321471659 ], [ -16.149225517589667, 12.939926708338609 ], [ -16.148741115489845, 12.931066999578112 ], [ -16.147373805652581, 12.922296506386999 ], [ -16.145136842905295, 12.913699672453795 ], [ -16.142051848574166, 12.905359261553199 ], [ -16.138148599286481, 12.897355561601286 ], [ -16.133464737691003, 12.889765612791964 ], [ -16.128045407975517, 12.882662467194846 ], [ -16.121942819763348, 12.876114486885351 ], [ -16.115215744636572, 12.870184687302688 ], [ -16.108271352253738, 12.865177050396872 ], [ -16.109882443416833, 12.86302639108926 ], [ -16.114497878769978, 12.855396472704788 ], [ -16.118328633081745, 12.847359377937194 ], [ -16.121337879970071, 12.838992537993862 ], [ -16.123496716256216, 12.830376552318038 ], [ -16.124784437301393, 12.82159441153544 ], [ -16.125188733064238, 12.812730697695676 ], [ -16.124705803121877, 12.803870769528192 ], [ -16.123340389684131, 12.79509994056348 ], [ -16.121105728421192, 12.78650265802529 ], [ -16.118023417712283, 12.778161690379438 ], [ -16.114123207699002, 12.770157331329569 ], [ -16.10944271128524, 12.762566627881524 ], [ -16.104027039959352, 12.755462639857766 ], [ -16.097928368016682, 12.748913737934163 ], [ -16.091205429426548, 12.742982946896468 ], [ -16.083922952211076, 12.737727340376768 ], [ -16.076151035779372, 12.733197492835208 ], [ -16.067964477184486, 12.72943699400426 ], [ -16.059442052738536, 12.726482030416326 ], [ -16.050665761829258, 12.724361037996859 ], [ -16.041720040126339, 12.723094429029342 ], [ -16.03269094964525, 12.722694396092503 ], [ -16.023665353347521, 12.723164794839782 ], [ -16.014730082098545, 12.724501106743313 ], [ -16.005971101874962, 12.726690482166406 ], [ -15.997472689113645, 12.72971186336626 ], [ -15.989316622022724, 12.73353618626985 ], [ -15.981581395532647, 12.738126659117261 ], [ -15.974341467352792, 12.743439115334922 ], [ -15.967666542318279, 12.749422437293731 ], [ -15.96162090186453, 12.756019046929341 ] ], [ [ -16.216194669151548, 12.948869979738046 ], [ -16.210840553131323, 12.956021236600588 ], [ -16.206226614656767, 12.963652707306938 ], [ -16.202397340710952, 12.971690932156291 ], [ -16.199389675832112, 12.980058527931213 ], [ -16.19723266380392, 12.988674932006891 ], [ -16.195947164975966, 12.997457177355326 ], [ -16.195545652047745, 13.006320691014876 ], [ -16.196032086407875, 13.015180108358832 ], [ -16.197401876353986, 13.023950095331664 ], [ -16.199641917734631, 13.03254617073225 ], [ -16.202730716760048, 13.040885520609596 ], [ -16.206638593930904, 13.04888779689982 ], [ -16.211327967241793, 13.056475892573079 ], [ -16.216753712036233, 13.063576685774715 ], [ -16.222863594131407, 13.070121745734923 ], [ -16.229598772100964, 13.076047993582876 ], [ -16.236894363911524, 13.081298311631588 ], [ -16.244680072460412, 13.085822095195041 ], [ -16.252880863966151, 13.089575741553935 ], [ -16.261417692626235, 13.09252307129659 ], [ -16.27020826448496, 13.094635677919806 ], [ -16.279167833053393, 13.095893202275139 ], [ -16.288210018898621, 13.096283529181589 ], [ -16.297247645174281, 13.095802904288515 ], [ -16.306193580901923, 13.094455970055089 ], [ -16.314961583735119, 13.09225572050622 ], [ -16.323467133946146, 13.089223375221605 ], [ -16.33162825146832, 13.085388173806276 ], [ -16.339366288004598, 13.080787092868794 ], [ -16.346606686472409, 13.075464488290107 ], [ -16.353279700392267, 13.06947166629327 ], [ -16.359321066240181, 13.0628663875152 ], [ -16.364672622264731, 13.055712308928946 ], [ -16.369282867814768, 13.04807836906294 ], [ -16.373107457824972, 13.040038122505811 ], [ -16.37610962775825, 13.031669030167434 ], [ -16.378260544998117, 13.023051712184092 ], [ -16.379539583413216, 13.01426917070428 ], [ -16.379934518572647, 13.00540599006953 ], [ -16.379441641866141, 12.996547522108585 ], [ -16.378065792570279, 12.98777906439296 ], [ -16.375820307692678, 12.979185039355734 ], [ -16.37272689021291, 12.970848182154189 ], [ -16.368815397114776, 12.962848745060732 ], [ -16.364123549362251, 12.955263725997082 ], [ -16.358696566704271, 12.948166128585987 ], [ -16.352586730895503, 12.941624260785085 ], [ -16.345852881585159, 12.935701078792318 ], [ -16.338559849748535, 12.93045358247533 ], [ -16.330777834111181, 12.925932268082123 ], [ -16.3225817265388, 12.922180643442573 ], [ -16.314050392833085, 12.919234810274151 ], [ -16.305265915781231, 12.917123117566939 ], [ -16.296312807651098, 12.915865889347623 ], [ -16.287277199603135, 12.915475229416602 ], [ -16.278246015701029, 12.915954904922456 ], [ -16.26930613934487, 12.917300309890658 ], [ -16.260543580021611, 12.919498509065573 ], [ -16.252042648267196, 12.922528361662817 ], [ -16.243885146663487, 12.9263607238706 ], [ -16.236149584550304, 12.930958728190138 ], [ -16.228910423920592, 12.936278136973643 ], [ -16.222237363685846, 12.942267766810946 ], [ -16.216194669151548, 12.948869979738046 ] ], [ [ -16.257101405976464, 13.607541351191029 ], [ -16.097162496448728, 13.611750573959599 ], [ -16.096688688818521, 13.612531722375223 ], [ -16.092847280349417, 13.620569019183803 ], [ -16.089829612287893, 13.628935854604736 ], [ -16.087664828252375, 13.63755167542562 ], [ -16.086373867626097, 13.646333522025245 ], [ -16.08596926041956, 13.655196826703005 ], [ -16.086455002877031, 13.664056227841987 ], [ -16.086576626937191, 13.664833988926317 ], [ -16.081212478909656, 13.669631051573495 ], [ -16.075149278694578, 13.676231313565371 ], [ -16.069776549855998, 13.68338081982083 ], [ -16.06514607140068, 13.691010759925389 ], [ -16.061302491445463, 13.699047691718791 ], [ -16.058282895198893, 13.707414247111014 ], [ -16.056116445186134, 13.716029875943111 ], [ -16.054824097279109, 13.724811620777189 ], [ -16.054418395383124, 13.733674915191912 ], [ -16.054903346889095, 13.74253439792178 ], [ -16.056274380233035, 13.751304735012816 ], [ -16.05851838511893, 13.759901442076528 ], [ -16.061613835164334, 13.768241698709012 ], [ -16.065530991928309, 13.776245147204172 ], [ -16.070232188485541, 13.783834667828271 ], [ -16.075672189927666, 13.790937123137777 ], [ -16.081798627410269, 13.797484064110803 ], [ -16.088552501630549, 13.803412391223318 ], [ -16.095868750923703, 13.808664964030577 ], [ -16.103676878513884, 13.813191153308519 ], [ -16.111901632855428, 13.816947330364586 ], [ -16.120463734459086, 13.819897288736701 ], [ -16.129280642122353, 13.822012594157789 ], [ -16.138267351079001, 13.823272859363696 ], [ -16.147337215254804, 13.823665941058485 ], [ -16.15640278556884, 13.823188057114285 ], [ -16.165376656055447, 13.821843822866224 ], [ -16.174172309502907, 13.819646206157536 ], [ -16.182704954312225, 13.816616401587597 ], [ -16.190892344372696, 13.812783625208496 ], [ -16.198655573929404, 13.808184831694726 ], [ -16.205532518231163, 13.803148048792441 ], [ -16.205478719227077, 13.803206647600215 ], [ -16.200107593730305, 13.810358838518965 ], [ -16.195479372063193, 13.817991016176792 ], [ -16.191638681991424, 13.826029716814233 ], [ -16.188622582325369, 13.834397555053181 ], [ -16.186460203344254, 13.843013967933882 ], [ -16.185172463081983, 13.851795989845268 ], [ -16.18477186232559, 13.860659050923037 ], [ -16.185262360434336, 13.869517791251791 ], [ -16.186639333319629, 13.878286883042176 ], [ -16.188889614139246, 13.886881852863285 ], [ -16.191991616462225, 13.895219895996078 ], [ -16.195915538859847, 13.90322067503571 ], [ -16.200623649081809, 13.910807095009687 ], [ -16.206070645192991, 13.917906047493693 ], [ -16.212204090282956, 13.924449116495966 ], [ -16.218964916626074, 13.930373239242547 ], [ -16.226287994472845, 13.93562131542558 ], [ -16.234102760000045, 13.940142758971795 ], [ -16.242333896347162, 13.943893986943737 ], [ -16.250902061125064, 13.946838840796174 ], [ -16.259724653307526, 13.948948935869364 ], [ -16.268716612012057, 13.950203935702026 ], [ -16.277791239348957, 13.950591748483308 ], [ -16.286861039270086, 13.95010864372694 ], [ -16.295838564185374, 13.948759288034223 ], [ -16.304637261036696, 13.946556699607381 ], [ -16.313172308526955, 13.943522121972741 ], [ -16.321361437296609, 13.9396848181658 ], [ -16.3291257250192, 13.935081787409345 ], [ -16.33639035864925, 13.929757407073346 ], [ -16.343085356396891, 13.923763003433304 ], [ -16.349146242419561, 13.917156355435278 ], [ -16.354514667706493, 13.910001136323453 ], [ -16.359138971181036, 13.902366298584026 ], [ -16.362974675652271, 13.894325408201267 ], [ -16.365984913903812, 13.885955934703262 ], [ -16.368140780906764, 13.877338503891187 ], [ -16.369421608877758, 13.868556120494123 ], [ -16.369815162663691, 13.859693368267783 ], [ -16.369317753714665, 13.850835595258552 ], [ -16.367934271697315, 13.842068092082494 ], [ -16.365678133594827, 13.833475271121431 ], [ -16.362571150929433, 13.825139854515562 ], [ -16.35864331652148, 13.817142078734495 ], [ -16.353932512958163, 13.80955892333783 ], [ -16.348484145679336, 13.802463371294527 ], [ -16.342350704290201, 13.795923707919604 ], [ -16.335591256375903, 13.79000286511069 ], [ -16.328270878715383, 13.784757817129243 ], [ -16.320460031366558, 13.780239033675942 ], [ -16.312233880617352, 13.776489995461725 ], [ -16.303671577263319, 13.773546776879957 ], [ -16.294855497078917, 13.771437699747182 ], [ -16.285870450693061, 13.770183061405294 ], [ -16.276802870357372, 13.769794939772964 ], [ -16.267739981305937, 13.770277077205407 ], [ -16.258768965546299, 13.771624844275296 ], [ -16.249976125992042, 13.773825283830774 ], [ -16.241446058846815, 13.776857234926075 ], [ -16.233260842078145, 13.780691535462845 ], [ -16.225499247677018, 13.785291301632949 ], [ -16.218623270173516, 13.79032857215898 ], [ -16.2186770629731, 13.790269970926385 ], [ -16.224047180691475, 13.783117447116778 ], [ -16.22867383715781, 13.775484843339747 ], [ -16.232512531132972, 13.767445704118371 ], [ -16.235526365174053, 13.759077482372184 ], [ -16.237686398193709, 13.750460792296526 ], [ -16.238971920920353, 13.741678632111771 ], [ -16.239370651735012, 13.732815584200651 ], [ -16.238878851139781, 13.723957000355641 ], [ -16.238756685946779, 13.723179360212429 ], [ -16.244118477257057, 13.718379060936016 ], [ -16.250177598853305, 13.711774971255517 ], [ -16.255545121009977, 13.704621948546819 ], [ -16.260169390102266, 13.696988923650265 ], [ -16.264005927790731, 13.688949444784271 ], [ -16.267017857178182, 13.680580967773908 ], [ -16.269176255179719, 13.671964108916294 ], [ -16.270460427822705, 13.663181867723296 ], [ -16.270858105953511, 13.654318827059226 ], [ -16.270365559606638, 13.645460338395072 ], [ -16.268987630082009, 13.636691700029566 ], [ -16.266737679569669, 13.628097336180902 ], [ -16.263637458950573, 13.619759984830576 ], [ -16.259716895179817, 13.611759902104112 ], [ -16.257101405976464, 13.607541351191029 ] ], [ [ -15.789848720756943, 13.994968972307262 ], [ -15.784460177464016, 14.002113040535358 ], [ -15.77981439892088, 14.009738359582348 ], [ -15.775956179873175, 14.017771533800548 ], [ -15.772922746452419, 14.026135233502981 ], [ -15.770743395046383, 14.034748938369267 ], [ -15.769439207017305, 14.043529711858536 ], [ -15.769022842132573, 14.052392999212652 ], [ -15.769498412830986, 14.061253441394442 ], [ -15.770861440680259, 14.070025697138815 ], [ -15.773098895595949, 14.078625265202865 ], [ -15.776189317595021, 14.086969298884826 ], [ -15.780103020056675, 14.094977404942084 ], [ -15.784802372666737, 14.102572419175665 ], [ -15.79024216143759, 14.109681151161116 ], [ -15.796370022431864, 14.116235090892967 ], [ -15.803126945082585, 14.122171070468742 ], [ -15.810447840303661, 14.127431874366387 ], [ -15.818262167930126, 14.13196679236176 ], [ -15.818846544810334, 14.132234085502795 ], [ -15.819981299925646, 14.139523826856543 ], [ -15.822221393789961, 14.148122756379433 ], [ -15.825314646721461, 14.156465967334771 ], [ -15.829231345015717, 14.164473073968706 ], [ -15.833933829555338, 14.172066921287533 ], [ -15.839376856105364, 14.17917432971608 ], [ -15.845508029331469, 14.185726801652658 ], [ -15.852268306430698, 14.191661183046794 ], [ -15.859592565565382, 14.19692027355422 ], [ -15.867410233635916, 14.201453379316414 ], [ -15.875645967325406, 14.205216802965611 ], [ -15.884220380805305, 14.208174266064717 ], [ -15.893050813012898, 14.210297259849087 ], [ -15.902052127004787, 14.211565320837527 ], [ -15.911137533559788, 14.211966228615244 ], [ -15.920219430954896, 14.211496123855017 ], [ -15.929210252671394, 14.210159545426032 ], [ -15.938023314707529, 14.207969386234934 ], [ -15.946573654180016, 14.204946768242014 ], [ -15.954778850989147, 14.201120837888762 ], [ -15.962559824499774, 14.196528483953287 ], [ -15.969841597451163, 14.191213980608859 ], [ -15.976554019648788, 14.185228559190316 ], [ -15.982632444406519, 14.178629912866359 ], [ -15.983206083550401, 14.17786859430716 ], [ -15.989835149635677, 14.180152092797931 ], [ -15.9986652090388, 14.182271202639347 ], [ -16.007665732183487, 14.183535328101298 ], [ -16.016749937453028, 14.183932287433636 ], [ -16.025830234850215, 14.183458260105995 ], [ -16.034819073584494, 14.182117823513334 ], [ -16.043629789220844, 14.179923908417102 ], [ -16.052177442074736, 14.176897673569966 ], [ -16.060379638630593, 14.173068300765173 ], [ -16.068157327939378, 14.168472712331512 ], [ -16.075435565211979, 14.163155213853457 ], [ -16.079999869299979, 14.159081175568028 ], [ -16.084037213294526, 14.163387538815758 ], [ -16.090802539219169, 14.169314848530764 ], [ -16.098131050770217, 14.174566348750588 ], [ -16.105952132161434, 14.179091419314446 ], [ -16.114190405648813, 14.182846441142248 ], [ -16.122766459627723, 14.18579521788577 ], [ -16.131597616209472, 14.187909325834712 ], [ -16.140598730776418, 14.189168388654672 ], [ -16.149683015685774, 14.189560274270384 ], [ -16.15876288004355, 14.189081211971311 ], [ -16.167750777305347, 14.187735828600569 ], [ -16.17656005238139, 14.185537103482975 ], [ -16.185105779930755, 14.182506242546562 ], [ -16.193305585623531, 14.178672472884797 ], [ -16.201080442328749, 14.174072759786501 ], [ -16.208355433447853, 14.168751449018593 ], [ -16.215060475954633, 14.162759837875319 ], [ -16.221130996119076, 14.156155679200026 ], [ -16.226508551378714, 14.149002623233621 ], [ -16.231141392371359, 14.141369602742627 ], [ -16.23498495975053, 14.13333016742234 ], [ -16.238002311062743, 14.124961774052791 ], [ -16.240164473666045, 14.116345039302152 ], [ -16.241450720404764, 14.107562962420742 ], [ -16.241848765517492, 14.098700125345458 ], [ -16.241354879036582, 14.089841877937824 ], [ -16.239973918729678, 14.081073516207264 ], [ -16.237719279429069, 14.072479461423598 ], [ -16.234612760385531, 14.06414244800035 ], [ -16.230684352062518, 14.056142727932636 ], [ -16.225971944546757, 14.048557299402676 ], [ -16.220520960486226, 14.041459166923753 ], [ -16.214383916169709, 14.034916640082859 ], [ -16.207619915027667, 14.02899267756573 ], [ -16.200294078457048, 14.023744282710405 ], [ -16.192476919447468, 14.019221956339775 ], [ -16.184243665008864, 14.01546921207547 ], [ -16.175673533866796, 14.012522158739506 ], [ -16.166848976298152, 14.010409153811922 ], [ -16.157854883323047, 14.009150531238094 ], [ -16.148777772746858, 14.008758406174572 ], [ -16.139704959756191, 14.009236558533701 ], [ -16.130723719913647, 14.010580396441087 ], [ -16.121920452466718, 14.012776999963688 ], [ -16.113379851885682, 14.015805244705827 ], [ -16.105184095473746, 14.019636004113634 ], [ -16.097412054750816, 14.02423242858133 ], [ -16.090138538099964, 14.02955029872277 ], [ -16.085576830464575, 14.03362437449808 ], [ -16.081541924442565, 14.029317830131086 ], [ -16.074781214988036, 14.023389880249702 ], [ -16.067458269439761, 14.018137221469816 ], [ -16.059643573950314, 14.013610395406234 ], [ -16.051412332736145, 14.009852958568846 ], [ -16.042843745956699, 14.006901064368325 ], [ -16.034020249697445, 14.004783116167534 ], [ -16.025026725272362, 14.003519494675267 ], [ -16.015949685339724, 14.003122362274073 ], [ -16.006876444535074, 14.003595546145208 ], [ -15.997894282466355, 14.004934501307511 ], [ -15.989089606986688, 14.007126353930547 ], [ -15.980547125659896, 14.010150024521964 ], [ -15.972349033262482, 14.01397642983215 ], [ -15.964574223023474, 14.018568761572149 ], [ -15.957297529092074, 14.023882839310938 ], [ -15.951155289063793, 14.029362370970727 ], [ -15.950148639906601, 14.025504606663645 ], [ -15.947053009556093, 14.017163071011574 ], [ -15.943135151318952, 14.00915787567833 ], [ -15.938432855213957, 14.001566073006083 ], [ -15.93299144834668, 13.994460730001331 ], [ -15.926863356838576, 13.98791022643324 ], [ -15.920107600116916, 13.981977598154497 ], [ -15.912789222463504, 13.976719931898488 ], [ -15.904978667295996, 13.972187817311076 ], [ -15.896751100178891, 13.968424861427064 ], [ -15.888185687028139, 13.965467270204941 ], [ -15.879364834380238, 13.96334350109545 ], [ -15.870373398940472, 13.962073989944194 ], [ -15.861297873903094, 13.96167095482391 ], [ -15.852225559746707, 13.962138278662581 ], [ -15.843243727349163, 13.963471471787638 ], [ -15.834438781336976, 13.965657714749687 ], [ -15.825895431583874, 13.968675981028754 ], [ -15.817695880701784, 13.972497238469128 ], [ -15.809919035225441, 13.977084727541801 ], [ -15.802639747980155, 13.982394313803539 ], [ -15.795928098842424, 13.988374911215399 ], [ -15.789848720756943, 13.994968972307262 ] ], [ [ -16.108460038004328, 14.234111777009071 ], [ -16.102384125628763, 14.240713442130614 ], [ -16.097000514326773, 14.247864116419846 ], [ -16.092361089499427, 14.255494980112775 ], [ -16.088510587810283, 14.263532583861496 ], [ -16.085486164222996, 14.271899554553821 ], [ -16.083317031436025, 14.280515339166708 ], [ -16.082024175288417, 14.289296979540095 ], [ -16.081620148999427, 14.298159910649311 ], [ -16.08210894836137, 14.307018774715756 ], [ -16.08348596923641, 14.315788243329298 ], [ -16.0857380479207, 14.324383839664616 ], [ -16.088843584140506, 14.332722752858164 ], [ -16.092772745642876, 14.340724636673789 ], [ -16.09748775254501, 14.348312384723277 ], [ -16.102943238820842, 14.355412874721827 ], [ -16.109086687537904, 14.361957674547066 ], [ -16.115858935720716, 14.3678837032305 ], [ -16.115919052700853, 14.367926730133624 ], [ -16.112106080269825, 14.369706767271603 ], [ -16.104322783875073, 14.37430414138802 ], [ -16.09703887485048, 14.379622863097079 ], [ -16.093487075823706, 14.382790946889022 ], [ -16.090085473815368, 14.378363977203895 ], [ -16.083942057391276, 14.371818685832888 ], [ -16.077170455469499, 14.365891695010507 ], [ -16.069835863348715, 14.360640035913042 ], [ -16.062008878478753, 14.356114239342237 ], [ -16.053764822069667, 14.352357850806445 ], [ -16.045183015896431, 14.349407012673964 ], [ -16.036346021179842, 14.347290117367089 ], [ -16.027338846767268, 14.34602753489072 ], [ -16.018248134114682, 14.345631417284915 ], [ -16.009161326781069, 14.346105581862311 ], [ -16.000165832287433, 14.347445474345747 ], [ -15.991348184262675, 14.349638212265198 ], [ -15.98279321279834, 14.35266270821357 ], [ -15.974583230862763, 14.356489871804097 ], [ -15.966797244483065, 14.36108288842593 ], [ -15.959510194191905, 14.366397572164697 ], [ -15.952792234956066, 14.372382789549107 ], [ -15.946708061458013, 14.378980950108572 ], [ -15.941316285191853, 14.386128559087517 ], [ -15.936668869364789, 14.39375682706471 ], [ -15.932810627067505, 14.401792330677017 ], [ -15.92977878759627, 14.410157718150934 ], [ -15.927602635180167, 14.418772452907804 ], [ -15.926303223693925, 14.427553588133289 ], [ -15.925893170225846, 14.436416564893095 ], [ -15.925926826804577, 14.437033490071341 ], [ -15.921841843204142, 14.441461447928535 ], [ -15.916447862141446, 14.448608589537759 ], [ -15.911798407274299, 14.456236455797784 ], [ -15.907938311403734, 14.464271627501381 ], [ -15.904904821853785, 14.4726367563627 ], [ -15.902727239018366, 14.481251308577704 ], [ -15.901426630907965, 14.490032339356013 ], [ -15.901015626567675, 14.498895291006892 ], [ -15.901498290495075, 14.50775480692303 ], [ -15.902870079417795, 14.516525553639022 ], [ -15.905117882003262, 14.525123043049323 ], [ -15.908220141274272, 14.533464446854213 ], [ -15.91214705870135, 14.541469395362695 ], [ -15.916860878144062, 14.549060752918397 ], [ -15.92231624702691, 14.556165362427359 ], [ -15.928460651369011, 14.562714751754029 ], [ -15.935234920548824, 14.568645795111053 ], [ -15.942573796983989, 14.573901322996901 ], [ -15.950406565249482, 14.578430674728631 ], [ -15.958657734552537, 14.582190188171088 ], [ -15.963210104129676, 14.583755438569739 ], [ -15.960602802335144, 14.58658093860782 ], [ -15.955206899861967, 14.593729021032894 ], [ -15.950556101939673, 14.601357664723936 ], [ -15.946695255142771, 14.6093934433173 ], [ -15.943661615022483, 14.617759002909368 ], [ -15.941484484536234, 14.626373805662286 ], [ -15.940184928526993, 14.63515490437028 ], [ -15.939775567126164, 14.644017740568916 ], [ -15.940260450210506, 14.65287695853092 ], [ -15.941635014274294, 14.661647227325012 ], [ -15.943886122290111, 14.670244063022301 ], [ -15.946992186332162, 14.678584643118441 ], [ -15.950923371932523, 14.686588605299846 ], [ -15.955641882341411, 14.69417882281993 ], [ -15.961102320074964, 14.701282148963744 ], [ -15.967252122366961, 14.707830123367064 ], [ -15.974032066402097, 14.713759633315526 ], [ -15.981376839506416, 14.719013523577585 ], [ -15.989215668812845, 14.723541148819089 ], [ -15.997473004314475, 14.72729886320089 ], [ -16.006069248672159, 14.730250442370806 ], [ -16.014921526662711, 14.732367433719125 ], [ -16.022190011240557, 14.733384070439586 ], [ -16.024197815544177, 14.734297416593302 ], [ -16.032794633600776, 14.73724796085564 ], [ -16.041647387433471, 14.73936389372499 ], [ -16.050670720771521, 14.74062481977813 ], [ -16.059777627881541, 14.741018587801515 ], [ -16.068880295600273, 14.740541408127207 ], [ -16.07789095324577, 14.739197889036213 ], [ -16.086722722055619, 14.737000991881924 ], [ -16.095290455807795, 14.733971905385298 ], [ -16.103511564373985, 14.73013984034743 ], [ -16.111306812134679, 14.725541746805666 ], [ -16.11860108344862, 14.720221956418278 ], [ -16.12532410771211, 14.71423175359223 ], [ -16.131411136962118, 14.707628879561442 ], [ -16.136803569465989, 14.700476974271874 ], [ -16.141449513293527, 14.692844961528792 ], [ -16.14530428447771, 14.684806383404648 ], [ -16.148330835031359, 14.676438690388427 ], [ -16.150500106790627, 14.667822494174182 ], [ -16.151791307794824, 14.659040790334934 ], [ -16.152192108677433, 14.650178158404669 ], [ -16.151698757327502, 14.641319947093892 ], [ -16.150316110875334, 14.632551452492489 ], [ -16.148057584854474, 14.623957097165155 ], [ -16.144945020184895, 14.615619618021759 ], [ -16.141008469403392, 14.607619270746662 ], [ -16.136285904328798, 14.600033058399358 ], [ -16.130822848085995, 14.592933991556217 ], [ -16.124671935116329, 14.586390387051837 ], [ -16.117892403468474, 14.580465212001542 ], [ -16.110549524286693, 14.575215479348575 ], [ -16.102713973988308, 14.570691700683636 ], [ -16.094461155144607, 14.566937401536286 ], [ -16.085870472545338, 14.563988703741582 ], [ -16.077024571332725, 14.561873978847665 ], [ -16.069761659403316, 14.560858682652574 ], [ -16.067755322475247, 14.559945624218587 ], [ -16.063202854110305, 14.558382422677763 ], [ -16.065808463496307, 14.555555877722451 ], [ -16.071199781748597, 14.54840551050162 ], [ -16.0758452794555, 14.540774773483097 ], [ -16.079700275888335, 14.532737196195086 ], [ -16.0827277196918, 14.524370219367958 ], [ -16.084898542806123, 14.515754447821335 ], [ -16.086011055127315, 14.508201012989735 ], [ -16.090947691440494, 14.513456806488238 ], [ -16.097724383733524, 14.519382990405633 ], [ -16.105065045470365, 14.524633301754431 ], [ -16.112898942929817, 14.529157130618456 ], [ -16.12115057351415, 14.532910868778044 ], [ -16.129740395103546, 14.535858331298911 ], [ -16.138585594961928, 14.537971106364823 ], [ -16.147600890677705, 14.539228829930417 ], [ -16.156699355292844, 14.539619382507141 ], [ -16.165793258524246, 14.539139006159663 ], [ -16.174794915816065, 14.537792340574116 ], [ -16.18361753688216, 14.535592377855238 ], [ -16.192176065405604, 14.532560336508148 ], [ -16.200388001656474, 14.528725455854074 ], [ -16.208174199969072, 14.524124712909376 ], [ -16.215459633282691, 14.518802464515739 ], [ -16.222174117292866, 14.512810018238198 ], [ -16.228252987177846, 14.506205136240238 ], [ -16.233637720353318, 14.499051476993319 ], [ -16.238276499260493, 14.491417980277038 ], [ -16.242124708802205, 14.483378201468522 ], [ -16.245145363701621, 14.475009601601521 ], [ -16.247309461760519, 14.466392800092628 ], [ -16.248596259731592, 14.457610797379628 ], [ -16.248993469283274, 14.448748174993661 ], [ -16.24849737131867, 14.43989028078944 ], [ -16.247112847703853, 14.431122407185589 ], [ -16.244853330257598, 14.422528970319076 ], [ -16.241740667646624, 14.414192697994679 ], [ -16.237804911610475, 14.406193834211789 ], [ -16.233084024701217, 14.398609367879997 ], [ -16.227623512458443, 14.391512293091798 ], [ -16.221475983643575, 14.384970908009882 ], [ -16.214700642823136, 14.37904815904977 ], [ -16.214640505800137, 14.379005158930173 ], [ -16.218452687076091, 14.377223520768899 ], [ -16.22623344811203, 14.372622563470237 ], [ -16.23351377188256, 14.367300111135981 ], [ -16.240223523761074, 14.361307472799819 ], [ -16.246298084736452, 14.354702411934161 ], [ -16.251678973717556, 14.347548588167907 ], [ -16.256314409921998, 14.339914942297201 ], [ -16.260159809967607, 14.331875030586811 ], [ -16.263178214944208, 14.323506314841872 ], [ -16.265340643444649, 14.31488941514613 ], [ -16.266626367270682, 14.306107332511113 ], [ -16.267023107292562, 14.297244648957051 ], [ -16.266527147723327, 14.288386712749107 ], [ -16.265143367861807, 14.279618816640568 ], [ -16.26288519115451, 14.271025377026765 ], [ -16.259774452217908, 14.262689121890308 ], [ -16.255841183242275, 14.254690295320437 ], [ -16.25112332195884, 14.247105886217813 ], [ -16.245666344087095, 14.240008888553922 ], [ -16.239522823882318, 14.233467600242985 ], [ -16.232751927069035, 14.227544967308003 ], [ -16.225418841068802, 14.222297979584452 ], [ -16.217594148005389, 14.217777123709615 ], [ -16.209353146492852, 14.214025898597443 ], [ -16.200775128677844, 14.21108039800273 ], [ -16.191942619413766, 14.208968964140627 ], [ -16.182940584787243, 14.207711915652888 ], [ -16.173855617495171, 14.207321352507737 ], [ -16.1647751067804, 14.207801039691848 ], [ -16.155786400774904, 14.209146370807126 ], [ -16.146975969169727, 14.211344411928765 ], [ -16.138428574130401, 14.214374025321151 ], [ -16.130226457304992, 14.218206071851395 ], [ -16.122448550629965, 14.222803690193691 ], [ -16.115169718427037, 14.228122650187821 ], [ -16.108460038004328, 14.234111777009071 ] ], [ [ -15.707129712936215, 14.36427250516423 ], [ -15.701038188245118, 14.370864726676693 ], [ -15.695638473188966, 14.378007143178534 ], [ -15.690982605561823, 14.385631015760378 ], [ -15.687115478119425, 14.393662964217631 ], [ -15.68407440420058, 14.402025672134688 ], [ -15.681888755703708, 14.410638630106668 ], [ -15.680579677004067, 14.419418909994752 ], [ -15.680159877686879, 14.428281962801988 ], [ -15.680633506229555, 14.437142432517215 ], [ -15.68199610599839, 14.445914978107469 ], [ -15.684234654138635, 14.454515095746615 ], [ -15.687327683138943, 14.462859933351094 ], [ -15.691245484049199, 14.470869089553069 ], [ -15.695950389532943, 14.478465389377815 ], [ -15.701397134149415, 14.485575629103746 ], [ -15.707533288494616, 14.492131283070142 ], [ -15.714299763093079, 14.498069165555529 ], [ -15.721631377231027, 14.503332041277091 ], [ -15.729457487264817, 14.507869178553682 ], [ -15.737702668333649, 14.511636839727764 ], [ -15.746287442859728, 14.514598704049662 ], [ -15.755129048738754, 14.516726218884724 ], [ -15.764142239714921, 14.517998875803915 ], [ -15.773240110102199, 14.518404408853874 ], [ -15.782334935762188, 14.517938913065764 ], [ -15.791339023080996, 14.516606882046 ], [ -15.800165557605688, 14.514421164286839 ], [ -15.808729444006088, 14.511402838634185 ], [ -15.816948129119433, 14.507581010143431 ], [ -15.824742400012964, 14.50299252833528 ], [ -15.832037149260206, 14.497681630622807 ], [ -15.838762099967292, 14.491699514411447 ], [ -15.84485248350186, 14.485103842067378 ], [ -15.850249663363515, 14.477958183600084 ], [ -15.85490169918576, 14.470331402505389 ], [ -15.858763845467891, 14.462296990759754 ], [ -15.861798980294541, 14.45393235944085 ], [ -15.863977960002789, 14.445318091868101 ], [ -15.865279896494064, 14.436537166506987 ], [ -15.865692354652611, 14.427674157159274 ], [ -15.865211468115801, 14.418814418165939 ], [ -15.863841972436203, 14.410043262478919 ], [ -15.86159715547309, 14.401445140511603 ], [ -15.858498725644235, 14.393102827655659 ], [ -15.85457659945032, 14.385096628254976 ], [ -15.849868610446519, 14.37750360365678 ], [ -15.844420142572648, 14.370396831718097 ], [ -15.838283691458123, 14.363844704834877 ], [ -15.831518357984921, 14.357910273184842 ], [ -15.824189279015789, 14.352650639436922 ], [ -15.816367000770716, 14.34811641068457 ], [ -15.808126800857931, 14.344351212811715 ], [ -15.79954796543244, 14.341391271904023 ], [ -15.790713028361756, 14.339265066679717 ], [ -15.781706979621999, 14.33799305523965 ], [ -15.772616450425469, 14.337587478731441 ], [ -15.763528882790883, 14.338052243793918 ], [ -15.754531691408518, 14.339382884902269 ], [ -15.745711425722877, 14.341566606978214 ], [ -15.737152940155243, 14.34458240786949 ], [ -15.728938580317163, 14.348401279546586 ], [ -15.721147392923974, 14.352986486118203 ], [ -15.713854366906084, 14.358293916037324 ], [ -15.707129712936215, 14.36427250516423 ] ], [ [ -16.005051367996451, 14.792843843340677 ], [ -15.999652351307775, 14.799993058499004 ], [ -15.994999251655219, 14.807622633830766 ], [ -15.991136938904269, 14.815659134507822 ], [ -15.988102684080214, 14.824025200044979 ], [ -15.985925797596712, 14.832640287954794 ], [ -15.984627343604409, 14.841421448350015 ], [ -15.984219933336899, 14.850284122076118 ], [ -15.984707599587466, 14.859142954717409 ], [ -15.986085753680118, 14.867912618652877 ], [ -15.988341225509956, 14.876508635246088 ], [ -15.991452386427367, 14.884848189236756 ], [ -15.995389353936275, 14.892850927461977 ], [ -16.000114276376081, 14.900439734172412 ], [ -16.005581694968388, 14.907541475421406 ], [ -16.011738979841244, 14.914087705292614 ], [ -16.018526835903788, 14.920015327091326 ], [ -16.025879873740802, 14.925267203053329 ], [ -16.033727240038157, 14.929792706618734 ], [ -16.041993301443622, 14.933548211872967 ], [ -16.050598375220552, 14.936497515366339 ], [ -16.059459499571009, 14.938612186182693 ], [ -16.068491236095813, 14.939871840828966 ], [ -16.077606496527061, 14.940264340254251 ], [ -16.0867173856177, 14.939785907071768 ], [ -16.095736051906368, 14.938441161841466 ], [ -16.104575537995295, 14.936243078067189 ], [ -16.113150621986652, 14.933212856361715 ], [ -16.121378641816776, 14.929379719026871 ], [ -16.129180294408272, 14.924780627077054 ], [ -16.136480401823675, 14.919459922493063 ], [ -16.143208636948248, 14.91346889922332 ], [ -16.149300201648987, 14.906865307141782 ], [ -16.154696450846838, 14.899712793821424 ], [ -16.159345456493252, 14.892080289580687 ], [ -16.163202506054027, 14.884041341803343 ], [ -16.166230530765521, 14.875673405014522 ], [ -16.168400459633261, 14.867057093612107 ], [ -16.169691495882685, 14.858275404500892 ], [ -16.170091313338201, 14.84941291715335 ], [ -16.16959617099214, 14.840554978822682 ], [ -16.168210944820821, 14.831786882762302 ], [ -16.165949076703662, 14.823193047356568 ], [ -16.162832441095102, 14.814856204044661 ], [ -16.158891130880317, 14.806856601820371 ], [ -16.154163164608203, 14.799271235918996 ], [ -16.148694118031131, 14.79217310805941 ], [ -16.142536683585259, 14.785630525297769 ], [ -16.135750162111371, 14.77970644417244 ], [ -16.128399891739022, 14.774457866381308 ], [ -16.120556619431717, 14.769935291736894 ], [ -16.112295821212857, 14.766182233596318 ], [ -16.103696977557981, 14.763234801367281 ], [ -16.094842810844391, 14.761121354053587 ], [ -16.085818492091985, 14.759862228129212 ], [ -16.076710824506154, 14.759469542326224 ], [ -16.067607411543246, 14.759947081193765 ], [ -16.058595817359414, 14.761290258540143 ], [ -16.049762727573892, 14.76348616111491 ], [ -16.04119311827726, 14.766513672128264 ], [ -16.032969441143525, 14.770343673449499 ], [ -16.025170832363226, 14.774939324580204 ], [ -16.01787235290308, 14.78025641576887 ], [ -16.011144267318095, 14.7862437919282 ], [ -16.005051367996451, 14.792843843340677 ] ], [ [ -15.766626939978581, 15.028703462670272 ], [ -15.761214283242646, 15.035847654402822 ], [ -15.756547893821878, 15.043472951475763 ], [ -15.752672768842041, 15.051505961856101 ], [ -15.749626302512553, 15.059869360450076 ], [ -15.74743792317687, 15.0684826323489 ], [ -15.746128806513163, 15.077262847092845 ], [ -15.74571166777409, 15.086125456542243 ], [ -15.746190635210885, 15.094985108704096 ], [ -15.747561206057441, 15.10375646969533 ], [ -15.74981028566142, 15.112355045930158 ], [ -15.752916309548821, 15.120697998601933 ], [ -15.756849447403692, 15.128704942588625 ], [ -15.76157188714337, 15.136298722046918 ], [ -15.767038196480256, 15.143406155171599 ], [ -15.773195758591459, 15.149958740882763 ], [ -15.779985277776532, 15.155893320561677 ], [ -15.787341350278354, 15.161152688383373 ], [ -15.795193094782018, 15.165686144286404 ], [ -15.80346483649793, 15.169449984173632 ], [ -15.812076838186382, 15.172407922546178 ], [ -15.816463355881053, 15.173458216492008 ], [ -15.813660489332021, 15.175943927979901 ], [ -15.807550893506315, 15.182539427677467 ], [ -15.802136016098455, 15.189684623795165 ], [ -15.797468043731438, 15.197310753264269 ], [ -15.793591989672914, 15.205344416389616 ], [ -15.790545258145496, 15.213708282035178 ], [ -15.788357281239923, 15.222321830918574 ], [ -15.787049232033905, 15.231102129912422 ], [ -15.786633816807985, 15.23996462994101 ], [ -15.787115148505796, 15.248823979820699 ], [ -15.788488702815945, 15.257594848224649 ], [ -15.790741357463483, 15.266192745859234 ], [ -15.793851514497767, 15.274534839921847 ], [ -15.79778930455778, 15.282540752968981 ], [ -15.802516871294058, 15.290133338459052 ], [ -15.807988733335991, 15.297239425446312 ], [ -15.814152220422768, 15.303790525188044 ], [ -15.820947979574148, 15.309723492785782 ], [ -15.82831054647132, 15.314981137408461 ], [ -15.836168976556932, 15.319512775138264 ], [ -15.844447529754049, 15.323274719033336 ], [ -15.8530664021542, 15.326230701610241 ], [ -15.861942497540747, 15.328352225607263 ], [ -15.87099023120237, 15.329618839590809 ], [ -15.880122358156802, 15.330018335703484 ], [ -15.88925081765194, 15.329546867617427 ], [ -15.898287585642958, 15.328208987540844 ], [ -15.90714552686233, 15.326017601922535 ], [ -15.915739238105624, 15.322993846298758 ], [ -15.923985874449592, 15.319166880522033 ], [ -15.931805950298969, 15.314573606392752 ], [ -15.93912410742232, 15.30925831047475 ], [ -15.945869842481489, 15.303272235606494 ], [ -15.951978186979817, 15.296673085313515 ], [ -15.957390333045238, 15.289524465977841 ], [ -15.962054199020265, 15.281895272220043 ], [ -15.965924929444572, 15.273859021493491 ], [ -15.968965324680065, 15.265493144373481 ], [ -15.971146196135622, 15.256878237441503 ], [ -15.972446643790784, 15.248097286013374 ], [ -15.972854253486625, 15.23923486423711 ], [ -15.972365212239694, 15.230376320289103 ], [ -15.970984340633132, 15.221606954524919 ], [ -15.968725042139921, 15.21301119849308 ], [ -15.965609170028992, 15.204671802696303 ], [ -15.961666813288309, 15.196669040886027 ], [ -15.956936003762838, 15.189079938504316 ], [ -15.951462347442972, 15.181977532643618 ], [ -15.945298583544334, 15.175430170583388 ], [ -15.938504075686851, 15.169500853585166 ], [ -15.931144240104716, 15.164246632189284 ], [ -15.923289916393939, 15.159718058760369 ], [ -15.915016686826741, 15.155958702480222 ], [ -15.906404150727731, 15.153004731390912 ], [ -15.902017713465609, 15.15195618634001 ], [ -15.904819186015636, 15.149469442020997 ], [ -15.910924726734146, 15.142871495705108 ], [ -15.916334700599364, 15.135723912052539 ], [ -15.920997046171827, 15.128095575259199 ], [ -15.924866921729546, 15.120059994172161 ], [ -15.927907134795714, 15.111694592675224 ], [ -15.930088497335756, 15.103079962646865 ], [ -15.931390103321835, 15.094299086738378 ], [ -15.931799526130723, 15.085436538497264 ], [ -15.931312934028126, 15.076577667564223 ], [ -15.9299351227899, 15.067807777800391 ], [ -15.927679465311028, 15.0592113062536 ], [ -15.924567778848592, 15.050871010849194 ], [ -15.920630111327878, 15.042867174592688 ], [ -15.915904448904573, 15.0352768338998 ], [ -15.910436347713405, 15.02817303842652 ], [ -15.9042784934389, 15.021624149460219 ], [ -15.897490193011123, 15.015693183555854 ], [ -15.890136803352908, 15.010437207662838 ], [ -15.882289102680534, 15.005906791492221 ], [ -15.874022610382395, 15.002145522325254 ], [ -15.865416861966262, 14.999189586868678 ], [ -15.856554645971585, 14.997067424123985 ], [ -15.847521210086029, 14.995799452563695 ], [ -15.838403443982708, 14.99539787420388 ], [ -15.829289046604083, 14.995866557434036 ], [ -15.820265685758937, 14.997200999720887 ], [ -15.811420157969144, 14.999388370547109 ], [ -15.802837556502391, 15.002407634187382 ], [ -15.79460045545569, 15.006229751168371 ], [ -15.786788117612863, 15.010817956514027 ], [ -15.779475733587967, 15.016128112148605 ], [ -15.772733699487448, 15.022109130124942 ], [ -15.766626939978581, 15.028703462670272 ] ], [ [ -16.044316693648856, 15.044151501752495 ], [ -16.038913317068118, 15.051301804621415 ], [ -16.034256835317173, 15.058932267722309 ], [ -16.030392152106636, 15.066969448349139 ], [ -16.027356562861474, 15.075335979992657 ], [ -16.02517939265444, 15.083951316033017 ], [ -16.023881710344217, 15.092732504368234 ], [ -16.023476121800275, 15.101594985561288 ], [ -16.023966644351841, 15.110453406849352 ], [ -16.025348663827906, 15.119222444191433 ], [ -16.027608974765705, 15.12781762443834 ], [ -16.030725903563447, 15.136156139692417 ], [ -16.034669513547847, 15.144157645984411 ], [ -16.039401890124875, 15.151745038532239 ], [ -16.044877503392446, 15.158845196058962 ], [ -16.051043644823881, 15.165389686934908 ], [ -16.057840933889626, 15.171315430268592 ], [ -16.065203889780051, 15.176565305499674 ], [ -16.073061562732093, 15.181088704541333 ], [ -16.0813382188547, 15.184842021073928 ], [ -16.089954071800054, 15.187789072201804 ], [ -16.098826054145245, 15.189901448344225 ], [ -16.107868620939541, 15.191158787933164 ], [ -16.116994577539486, 15.191548974227965 ], [ -16.126115923602914, 15.191068252321827 ], [ -16.135144704946274, 15.189721265200145 ], [ -16.143993864889556, 15.187521008506858 ], [ -16.152578086720769, 15.184488704475125 ], [ -16.160814619006839, 15.18065359627249 ], [ -16.168624075659004, 15.176052664792149 ], [ -16.175931202925554, 15.170730270680782 ], [ -16.182665605829939, 15.164737725123386 ], [ -16.188762426993044, 15.158132793598064 ], [ -16.1941629712699, 15.150979137462912 ], [ -16.198815270186746, 15.143345698835669 ], [ -16.202674580777867, 15.135306034769444 ], [ -16.205703814085251, 15.126937607209905 ], [ -16.207873889290717, 15.118321035635152 ], [ -16.209164010191273, 15.109539319627487 ], [ -16.209561861496468, 15.100677038901742 ], [ -16.209063723212886, 15.091819538516845 ], [ -16.207674502177959, 15.083052107124264 ], [ -16.205407680604811, 15.074459156157946 ], [ -16.202285182294361, 15.066123407846263 ], [ -16.198337157952945, 15.058125099827183 ], [ -16.193601691816415, 15.050541213975697 ], [ -16.188124432518123, 15.043444736808949 ], [ -16.181958151842505, 15.036903958522796 ], [ -16.175162235672129, 15.030981817336009 ], [ -16.167802112058908, 15.025735295380196 ], [ -16.159948621924595, 15.021214871877177 ], [ -16.151677338417826, 15.017464038797613 ], [ -16.143067841420027, 15.014518883598678 ], [ -16.134202954098036, 15.01240774300088 ], [ -16.125167948743599, 15.011150931090373 ], [ -16.116049729416556, 15.010760544329102 ], [ -16.106935999118075, 15.011240345327622 ], [ -16.097914419360258, 15.012585726490762 ], [ -16.089071770068696, 15.014783753891178 ], [ -16.080493117753761, 15.017813290966886 ], [ -16.07226099981493, 15.021645200883684 ], [ -16.064454632700642, 15.026242625657453 ], [ -16.057149151434619, 15.031561339402847 ], [ -16.05041488774026, 15.037550172369624 ], [ -16.044316693648856, 15.044151501752495 ] ], [ [ -16.263580185905735, 15.050417010920972 ], [ -16.258184374126436, 15.05757202129988 ], [ -16.253535919558946, 15.065206438229328 ], [ -16.249679650160761, 15.073246780174722 ], [ -16.246652781693044, 15.081615649171082 ], [ -16.244484556368729, 15.090232474857364 ], [ -16.243195957745243, 15.099014289380786 ], [ -16.242799504738297, 15.107876525749528 ], [ -16.243299126887795, 15.11673383197323 ], [ -16.244690122235788, 15.125500893164153 ], [ -16.246959198385973, 15.134093253679948 ], [ -16.250084596512398, 15.142428131373384 ], [ -16.254036297278649, 15.150425216075387 ], [ -16.258776306826885, 15.158007444575665 ], [ -16.26425902020549, 15.165101744579298 ], [ -16.270431658834532, 15.171639740406073 ], [ -16.277234777866571, 15.177558413560437 ], [ -16.28460283859615, 15.182800711729628 ], [ -16.292464840411434, 15.187316100262713 ], [ -16.300745006174402, 15.191061050739188 ], [ -16.309363514368606, 15.193999461846703 ], [ -16.318237270872391, 15.196103008447185 ], [ -16.327280712806786, 15.197351415413985 ], [ -16.336406636575749, 15.197732653559797 ], [ -16.345527041966655, 15.197243055741184 ], [ -16.35455398401356, 15.195887352010546 ], [ -16.36340042424721, 15.193678623482917 ], [ -16.371981072964939, 15.190638175384709 ], [ -16.380213214249864, 15.186795330545626 ], [ -16.3880175056516, 15.182187145375339 ], [ -16.395318744706589, 15.176858051125372 ], [ -16.402046594822728, 15.170859423965144 ], [ -16.408136263474695, 15.164249088093454 ], [ -16.413529126148759, 15.15709075675406 ], [ -16.418173290032342, 15.149453416621929 ], [ -16.422024092057423, 15.141410661568003 ], [ -16.425044526571092, 15.133039982290867 ], [ -16.427205598613064, 15.124422018718915 ], [ -16.428486599521289, 15.115639782432675 ], [ -16.42887530235425, 15.10677785663175 ], [ -16.428368075404929, 15.097921581371523 ], [ -16.426969912877617, 15.089156231920652 ], [ -16.424694382597782, 15.08056619814082 ], [ -16.421563491419075, 15.072234172764803 ], [ -16.417607469772648, 15.064240356349494 ], [ -16.41286447756594, 15.056661686507486 ], [ -16.407380234373711, 15.049571098777053 ], [ -16.401207577567519, 15.043036826178131 ], [ -16.394405952695291, 15.037121744124725 ], [ -16.387040841044623, 15.031882766925369 ], [ -16.379183129897399, 15.027370301607441 ], [ -16.370908431504574, 15.023627764253199 ], [ -16.362296357274801, 15.020691163439299 ], [ -16.353429754075492, 15.0185887547345 ], [ -16.344393909886886, 15.017340769536204 ], [ -16.335275736326178, 15.016959220823058 ], [ -16.326162935767876, 15.017447787673392 ], [ -16.317143160926619, 15.018801779654632 ], [ -16.308303174838461, 15.021008181433826 ], [ -16.299728019175976, 15.02404577720092 ], [ -16.291500198760851, 15.027885353740473 ], [ -16.283698889995449, 15.032489980242453 ], [ -16.276399180723558, 15.03781536221355 ], [ -16.2696713487503, 15.043810266145451 ], [ -16.263580185905735, 15.050417010920972 ] ], [ [ -16.336610500482973, 15.344124438791512 ], [ -16.331210649229444, 15.351281413767694 ], [ -16.326559385062858, 15.35891744522989 ], [ -16.32270156469453, 15.366959036783417 ], [ -16.319674420841597, 15.375328778912792 ], [ -16.317507200634491, 15.383946093108582 ], [ -16.316220880375461, 15.392728006840137 ], [ -16.315827959529159, 15.401589951952221 ], [ -16.316332336080226, 15.410446578824605 ], [ -16.317729264620436, 15.419212578467018 ], [ -16.32000539773675, 15.427803504629839 ], [ -16.323138910467971, 15.436136587995248 ], [ -16.327099706790424, 15.444131534574494 ], [ -16.33184970628902, 15.451711300574974 ], [ -16.337343208378336, 15.458802836214934 ], [ -16.343527330666657, 15.465337791252281 ], [ -16.350342517312896, 15.471253175355125 ], [ -16.357723112520166, 15.476491966871789 ], [ -16.365597993648567, 15.481003664053716 ], [ -16.373891257821082, 15.484744773340658 ], [ -16.382522955347834, 15.487679229929192 ], [ -16.391409862811845, 15.489778746506012 ], [ -16.400466288249753, 15.491023086730717 ], [ -16.409604900529057, 15.491400260791227 ], [ -16.418737574773161, 15.490906641121015 ], [ -16.427776245520317, 15.489546997153031 ], [ -16.436633759224307, 15.487334448782336 ], [ -16.445224717714407, 15.48429033900921 ], [ -16.45346630432946, 15.480444027029289 ], [ -16.461279084624788, 15.475832603817587 ], [ -16.46858777381809, 15.470500533012222 ], [ -16.475321963488433, 15.4644992206323 ], [ -16.481416800466206, 15.457886517856362 ], [ -16.486813611346005, 15.450726161735064 ], [ -16.491460466612789, 15.443087159309282 ], [ -16.495312678987712, 15.435043121145428 ], [ -16.498333231265836, 15.426671550780057 ], [ -16.500493129626644, 15.418053096979927 ], [ -16.50177167914104, 15.409270776069475 ], [ -16.502156678967925, 15.400409171851264 ], [ -16.501644535521017, 15.391553620845141 ], [ -16.500240292684062, 15.38278939069672 ], [ -16.497957578952903, 15.374200859655502 ], [ -16.494818472177155, 15.365870704996869 ], [ -16.49085328335633, 15.357879108161804 ], [ -16.486100261707371, 15.350302984214867 ], [ -16.480605223956548, 15.343215242976324 ], [ -16.474421111511969, 15.336684088871863 ], [ -16.467607479838438, 15.330772366165682 ], [ -16.460229924978016, 15.325536955803752 ], [ -16.452359452733312, 15.321028229598216 ], [ -16.444071796551331, 15.317289566935628 ], [ -16.435446690610181, 15.314356938596198 ], [ -16.426567105015295, 15.312258561633916 ], [ -16.417518450353402, 15.311014628593849 ], [ -16.408387759128651, 15.310637113639872 ], [ -16.399262851813965, 15.311129657438837 ], [ -16.390231495390438, 15.312487531903196 ], [ -16.381380562317393, 15.314697685139489 ], [ -16.372795197874691, 15.317738866191814 ], [ -16.364558003747216, 15.321581828414445 ], [ -16.356748245579425, 15.3261896095624 ], [ -16.34944109201626, 15.331517885960611 ], [ -16.342706892467024, 15.337515397407243 ], [ -16.336610500482973, 15.344124438791512 ] ], [ [ -15.719211677173442, 15.41089359026663 ], [ -15.713788203380947, 15.41803690701988 ], [ -15.709112275843196, 15.425661411167937 ], [ -15.705228984729745, 15.433693719716015 ], [ -15.702175804632814, 15.442056515632711 ], [ -15.699982230777135, 15.450669290967976 ], [ -15.69866949149144, 15.459449121005754 ], [ -15.698250339840596, 15.468311462042664 ], [ -15.698728926573354, 15.477170965143689 ], [ -15.70010075577027, 15.485942298057626 ], [ -15.702352723786621, 15.494540967381186 ], [ -15.705463241283301, 15.502884133042253 ], [ -15.709402437332287, 15.510891407231668 ], [ -15.714132443780302, 15.518485630047611 ], [ -15.719607757262832, 15.525593614327713 ], [ -15.725775675488913, 15.532146852429699 ], [ -15.73257680367365, 15.538082178078671 ], [ -15.739945626288003, 15.543342376826208 ], [ -15.747811138632713, 15.54787673915868 ], [ -15.756097532132312, 15.55164155084476 ], [ -15.764724926693967, 15.5546005157212 ], [ -15.773610142990634, 15.556725106773188 ], [ -15.782667507114823, 15.557994842067 ], [ -15.791809679713644, 15.558397482828928 ], [ -15.800948501461354, 15.557929151729281 ], [ -15.809995846556301, 15.556594370215151 ], [ -15.818864475846597, 15.554406014532299 ], [ -15.827468881194305, 15.551385190876882 ], [ -15.835726112781257, 15.547561030912876 ], [ -15.843556581239444, 15.542970409673341 ], [ -15.850884826753044, 15.537657588623924 ], [ -15.857640247623811, 15.53167378739832 ], [ -15.863757781212797, 15.525076688410001 ], [ -15.869178530663127, 15.517929879194632 ], [ -15.87385033136561, 15.510302237938717 ], [ -15.87772825174366, 15.502267268193616 ], [ -15.88077502359968, 15.493902389258247 ], [ -15.882961397973512, 15.485288189131131 ], [ -15.884266423207258, 15.476507647281673 ], [ -15.884677642680995, 15.467645334767393 ], [ -15.884191210473091, 15.458786599427114 ], [ -15.882811923998258, 15.450016744007653 ], [ -15.880553173478628, 15.441420205133527 ], [ -15.877436808900097, 15.433079741005566 ], [ -15.873492925890499, 15.425075635615318 ], [ -15.868759572720894, 15.417484927090207 ], [ -15.863282381369659, 15.410380667540981 ], [ -15.857114126294938, 15.403831221470973 ], [ -15.850314215228531, 15.397899609429521 ], [ -15.842948116928246, 15.392642903152923 ], [ -15.835086731401081, 15.38811167794065 ], [ -15.826805708632229, 15.384349527465535 ], [ -15.818184722320609, 15.381392645621181 ], [ -15.809306705527302, 15.379269479371903 ], [ -15.800257055485694, 15.378000455896418 ], [ -15.791122815099062, 15.377597786613292 ], [ -15.781991838860685, 15.37806534994818 ], [ -15.772951951071754, 15.379398653958985 ], [ -15.764090104302463, 15.381584879180084 ], [ -15.755491546041261, 15.38460300128847 ], [ -15.7472390014058, 15.388423992439881 ], [ -15.739411879647685, 15.393011099377727 ], [ -15.732085511972162, 15.398320195689619 ], [ -15.725330427914949, 15.404300204881805 ], [ -15.719211677173442, 15.41089359026663 ] ], [ [ -16.101698203976678, 15.689642084495723 ], [ -16.095584132031643, 15.696245554606683 ], [ -16.090167265109688, 15.703397653764727 ], [ -16.085499812498647, 15.71102955359566 ], [ -16.081626786551499, 15.719067799485174 ], [ -16.078585566848851, 15.727435016268148 ], [ -16.076405537176104, 15.736050651942843 ], [ -16.07510779892424, 15.744831752304398 ], [ -16.074704963809804, 15.753693759081857 ], [ -16.075201028063805, 15.762551323923757 ], [ -16.076591329466645, 15.771319130409124 ], [ -16.07886258781463, 15.779912716168017 ], [ -16.081993028599278, 15.788249287178566 ], [ -16.085952588872239, 15.796248516367024 ], [ -16.090703203463459, 15.803833318774016 ], [ -16.096199168926702, 15.810930595762573 ], [ -16.102387581813009, 15.817471941030856 ], [ -16.109208847127505, 15.823394301552012 ], [ -16.116597252116303, 15.828640586992313 ], [ -16.124481599866527, 15.833160221652964 ], [ -16.132785896591034, 15.836909633535976 ], [ -16.141430085918046, 15.839852675744876 ], [ -16.150330823020781, 15.841960976090746 ], [ -16.159402281010003, 15.843214211476855 ], [ -16.168556981677636, 15.843600304372851 ], [ -16.17770664242704, 15.843115539455837 ], [ -16.186763031058106, 15.841764599281186 ], [ -16.195638819995192, 15.839560518643458 ], [ -16.204248431554014, 15.836524558088247 ], [ -16.212508865940052, 15.832685997831241 ], [ -16.22034050385378, 15.828081854121935 ], [ -16.227667875845484, 15.822756520849698 ], [ -16.234420390910465, 15.816761339919504 ], [ -16.240533017239549, 15.810154104618078 ], [ -16.245946908535167, 15.802998500839385 ], [ -16.250609969862751, 15.795363491637696 ], [ -16.254477357624854, 15.787322651117941 ], [ -16.257511908913372, 15.778953454154633 ], [ -16.259684496205733, 15.770336528845926 ], [ -16.26097430411615, 15.761554878956018 ], [ -16.261369025684832, 15.752693083873552 ], [ -16.260864976477741, 15.743836483814617 ], [ -16.25946712556976, 15.735070358124405 ], [ -16.257189043286232, 15.726479104581383 ], [ -16.254052766374667, 15.718145427582387 ], [ -16.2500885820623, 15.710149542986754 ], [ -16.245334733219011, 15.702568407223803 ], [ -16.239837047582835, 15.695474978024045 ], [ -16.233648494709819, 15.688937513821301 ], [ -16.226828674976513, 15.683018918495307 ], [ -16.219443245585904, 15.67777613768518 ], [ -16.21156328910191, 15.673259612408202 ], [ -16.203264630558738, 15.66951279516976 ], [ -16.194627109656242, 15.666571733154782 ], [ -16.185733814956794, 15.664464722453653 ], [ -16.176670287340944, 15.663212036602186 ], [ -16.167523700255153, 15.662825732012051 ], [ -16.158382024493601, 15.663309532141398 ], [ -16.149333185395815, 15.664658791511364 ], [ -16.140464220411513, 15.66686053992032 ], [ -16.131860444983307, 15.669893606449635 ], [ -16.12360463462629, 15.673728822100243 ], [ -16.115776230941734, 15.678329299154765 ], [ -16.108450579091041, 15.683650784631933 ], [ -16.101698203976678, 15.689642084495723 ] ], [ [ -15.718300791942831, 15.824942035953249 ], [ -15.711490178119638, 15.81900680338642 ], [ -15.705350511425188, 15.81462936170866 ], [ -15.703680242371004, 15.812464180873949 ], [ -15.697504186706123, 15.805910806572781 ], [ -15.690694811840011, 15.799974860938395 ], [ -15.683317678576541, 15.794713455839133 ], [ -15.675443793406929, 15.790177210059923 ], [ -15.667148926205375, 15.786409763761567 ], [ -15.658512882828971, 15.783447359951877 ], [ -15.649618739538427, 15.781318496934974 ], [ -15.640552046498492, 15.78004365503118 ], [ -15.631400007893806, 15.779635100156623 ], [ -15.622250646405035, 15.780096766124609 ], [ -15.613191959930329, 15.781424216787013 ], [ -15.604311078507225, 15.783604688379548 ], [ -15.595693429389669, 15.786617211677228 ], [ -15.587421918163686, 15.790432812811932 ], [ -15.579576133643913, 15.795014790859332 ], [ -15.572231584082729, 15.800319069575348 ], [ -15.565458971945084, 15.806294619957766 ], [ -15.559323514157809, 15.812883949634397 ], [ -15.55388431433402, 15.820023654440931 ], [ -15.549193793004491, 15.827645026955155 ], [ -15.545297181361708, 15.835674716205393 ], [ -15.542232083442679, 15.844035432275097 ], [ -15.540028111048036, 15.852646689087154 ], [ -15.538706595022074, 15.86142557827502 ], [ -15.53828037580686, 15.870287566737623 ], [ -15.538753675439214, 15.879147310233604 ], [ -15.54012205238841, 15.887919475201622 ], [ -15.542372439842001, 15.896519560898208 ], [ -15.545483267244149, 15.904864713925798 ], [ -15.549424664083164, 15.912874527280557 ], [ -15.554158744120137, 15.920471816183596 ], [ -15.559639967457253, 15.927583363168866 ], [ -15.565815577070302, 15.934140625185343 ], [ -15.572626105683971, 15.940080395827497 ], [ -15.578766960616131, 15.944461519797807 ], [ -15.580437076199658, 15.946627647908981 ], [ -15.586613945031404, 15.95318426138445 ], [ -15.593425725450233, 15.959123322708043 ], [ -15.600806800075706, 15.964387579795236 ], [ -15.60868604622943, 15.968926282255232 ], [ -15.61698752236447, 15.972695672201336 ], [ -15.625631201731817, 15.975659407528543 ], [ -15.634533746129765, 15.977788913507661 ], [ -15.643609312166426, 15.979063659245734 ], [ -15.652770382127347, 15.979471356299065 ], [ -15.661928611284035, 15.979008077490169 ], [ -15.670995683307975, 15.977678294764962 ], [ -15.679884165370858, 15.975494835723881 ], [ -15.688508354516506, 15.972478759261461 ], [ -15.696785106982604, 15.968659151544841 ], [ -15.704634642330504, 15.964072844344562 ], [ -15.711981314505707, 15.958764058492367 ], [ -15.718754342297416, 15.952783975972844 ], [ -15.724888492087899, 15.946190244850904 ], [ -15.730324706276098, 15.939046421888698 ], [ -15.735010671318662, 15.931421358306505 ], [ -15.738901319948827, 15.923388534687598 ], [ -15.741959262801386, 15.915025351510629 ], [ -15.744155145383331, 15.906412382211926 ], [ -15.745467927075733, 15.897632596029023 ], [ -15.745885079625591, 15.888770558154199 ], [ -15.745402703377883, 15.879911614929984 ], [ -15.744025560300036, 15.871141071946157 ], [ -15.741767023655465, 15.86254337295003 ], [ -15.738648944981788, 15.854201287457265 ], [ -15.734701439815497, 15.846195114852001 ], [ -15.72996259437115, 15.838601912592448 ], [ -15.724478096122875, 15.831494755894434 ], [ -15.718300791942831, 15.824942035953249 ] ], [ [ -12.425948971032566, 12.539367917981707 ], [ -12.420502427090446, 12.546437042994814 ], [ -12.41578711010756, 12.553996440096672 ], [ -12.411848456072647, 12.561973355057416 ], [ -12.408724438180776, 12.570291011094849 ], [ -12.406445199567822, 12.578869346530665 ], [ -12.40503276085906, 12.587625784203126 ], [ -12.404500805427896, 12.59647602529005 ], [ -12.404854544532689, 12.605334859954434 ], [ -12.406090663747241, 12.614116987054164 ], [ -12.408197351330058, 12.62273783505908 ], [ -12.411154408396035, 12.631114376294404 ], [ -12.414933439968587, 12.639165926680148 ], [ -12.419498125208289, 12.646814923261275 ], [ -12.424804564342896, 12.653987672022939 ], [ -12.430801699071157, 12.660615058757312 ], [ -12.437431802486834, 12.666633216091553 ], [ -12.444631033877357, 12.671984140197832 ], [ -12.452330053101207, 12.676616251181734 ], [ -12.460454688646751, 12.680484891681852 ], [ -12.468926652929605, 12.683552758804815 ], [ -12.477664297902388, 12.685790265161911 ], [ -12.486583403635439, 12.687175825458876 ], [ -12.49559799218517, 12.687696065813258 ], [ -12.504621158802342, 12.687345953726219 ], [ -12.513565912349151, 12.686128847410883 ], [ -12.522346016694005, 12.684056463968403 ], [ -12.530876824837931, 12.681148766698717 ], [ -12.539076097596588, 12.677433772626415 ], [ -12.54686479881666, 12.672947282105389 ], [ -12.554167859342838, 12.667732533130787 ], [ -12.560914902269069, 12.661839783724895 ], [ -12.567040922401318, 12.655325826468085 ], [ -12.572486913324317, 12.648253439908554 ], [ -12.577200435995765, 12.640690782199673 ], [ -12.581136123382466, 12.632710732874221 ], [ -12.584256116296633, 12.624390189165704 ], [ -12.586530426280085, 12.615809323723358 ], [ -12.587937222111455, 12.607050810935018 ], [ -12.58846303726887, 12.598199029367876 ], [ -12.588102896459812, 12.589339248058389 ], [ -12.586860360122804, 12.58055680452761 ], [ -12.584747486604265, 12.57193628246613 ], [ -12.581784712510188, 12.56356069702329 ], [ -12.578000652518689, 12.555510695549081 ], [ -12.573431820708452, 12.547863781475384 ], [ -12.568122276202658, 12.540693568788084 ], [ -12.562123196641313, 12.534069074235637 ], [ -12.555492383670938, 12.528054054046283 ], [ -12.548293705273476, 12.522706391489232 ], [ -12.540596480340716, 12.518077541119229 ], [ -12.532474811431848, 12.514212034993733 ], [ -12.52400687212573, 12.511147055553291 ], [ -12.515274155792195, 12.508912079213939 ], [ -12.506360692955512, 12.507528594042139 ], [ -12.497352244704848, 12.507009894173928 ], [ -12.488335479819741, 12.507360952907778 ], [ -12.479397143421453, 12.508578375651361 ], [ -12.470623225032664, 12.510650433143526 ], [ -12.462098133928373, 12.513557174610813 ], [ -12.453903889589636, 12.517270619760149 ], [ -12.446119334930355, 12.521755027762529 ], [ -12.438819379756387, 12.526967240653473 ], [ -12.432074281637925, 12.53285709787149 ], [ -12.425948971032566, 12.539367917981707 ] ], [ [ -11.90405789077759, 12.588426864588707 ], [ -11.898598089657145, 12.595482046079708 ], [ -11.893868317717363, 12.603028729829683 ], [ -11.889914146728698, 12.610994285858682 ], [ -11.886773696365609, 12.619302049193786 ], [ -11.884477265644035, 12.627872056355939 ], [ -11.883047039060161, 12.636621813714642 ], [ -11.882496870336524, 12.645467090378899 ], [ -11.882832145955454, 12.654322728050591 ], [ -11.884049729909394, 12.663103460094657 ], [ -11.886137990329081, 12.67172473198095 ], [ -11.889076907870809, 12.680103515226975 ], [ -11.892838264960028, 12.688159107019075 ], [ -11.897385914207687, 12.695813907813074 ], [ -11.902676123545669, 12.702994169412044 ], [ -11.908657994875766, 12.709630706288769 ], [ -11.915273952300836, 12.715659563260648 ], [ -11.922460295314703, 12.721022633033153 ], [ -11.930147811676285, 12.725668217600784 ], [ -11.938262444091093, 12.729551528027836 ], [ -11.94672600427606, 12.732635117720301 ], [ -11.955456927498551, 12.734889244939446 ], [ -11.964371060262888, 12.736292160990834 ], [ -11.973382473473253, 12.736830321243483 ], [ -11.98240429313457, 12.736498516884764 ], [ -11.991349540466588, 12.735299926090457 ], [ -12.000131973203269, 12.733246084078052 ], [ -12.008666919831393, 12.730356772306523 ], [ -12.016872098589248, 12.72665982787956 ], [ -12.02466841319799, 12.722190874993002 ], [ -12.031980717532885, 12.716992981032929 ], [ -12.038738541756446, 12.711116240670469 ], [ -12.044876772826823, 12.704617292005393 ], [ -12.050336282757971, 12.697558769475227 ], [ -12.055064498537634, 12.69000869886378 ], [ -12.059015908198941, 12.682039840305839 ], [ -12.062152498184423, 12.67372898568809 ], [ -12.064444117830416, 12.665156217285196 ], [ -12.065868767527185, 12.656404134839921 ], [ -12.066412807867795, 12.647557058594472 ], [ -12.066071087878814, 12.638700216003482 ], [ -12.064846991219733, 12.629918920006244 ], [ -12.062752400037896, 12.621297746805419 ], [ -12.059807576963424, 12.612919721091451 ], [ -12.056040966516452, 12.604865516567015 ], [ -12.051488917969493, 12.597212679465024 ], [ -12.046195332453756, 12.590034882519488 ], [ -12.040211237813111, 12.583401216542944 ], [ -12.033594295386697, 12.577375526391288 ], [ -12.026408243535339, 12.572015797660072 ], [ -12.018722283312428, 12.567373599960321 ], [ -12.01061041221214, 12.563493592071955 ], [ -12.002150712402504, 12.560413093673704 ], [ -11.993424600264225, 12.558161727706954 ], [ -11.984516044405222, 12.556761136752092 ], [ -11.975510759602928, 12.556224776087371 ], [ -11.966495384339714, 12.55655778536789 ], [ -11.957556649739626, 12.557756940113256 ], [ -11.948780547786544, 12.559810683433772 ], [ -11.940251506704, 12.562699237663512 ], [ -11.932051581306174, 12.56639479481124 ], [ -11.924259665988101, 12.570861783994134 ], [ -11.916950737812734, 12.576057213290818 ], [ -11.910195136874677, 12.58193108274636 ], [ -11.90405789077759, 12.588426864588707 ] ], [ [ -11.575805313289665, 12.625050780718752 ], [ -11.570337180962548, 12.632096815135666 ], [ -11.565598302772237, 12.639635114167161 ], [ -11.561634336044133, 12.64759312973003 ], [ -11.558483492948268, 12.655894270995475 ], [ -11.556176171116839, 12.664458640103398 ], [ -11.554734658889885, 12.673203799814411 ], [ -11.554172918101603, 12.682045565777386 ], [ -11.55449644659493, 12.690898815847797 ], [ -11.555702221902932, 12.699678308719729 ], [ -11.557778726768067, 12.708299504034104 ], [ -11.560706056391833, 12.716679376098922 ], [ -11.56445610652422, 12.724737213404671 ], [ -11.568992840722551, 12.73239539623977 ], [ -11.574272634339589, 12.739580144906446 ], [ -11.580244692049522, 12.746222231305264 ], [ -11.586851534994677, 12.752257646995266 ], [ -11.594029552943539, 12.757628221243035 ], [ -11.601709616199344, 12.762282183045007 ], [ -11.609817741395311, 12.766174661639068 ], [ -11.618275804764624, 12.769268120608599 ], [ -11.627002295986786, 12.771532721319762 ], [ -11.635913105293209, 12.772946612114797 ], [ -11.644922336168621, 12.773496140403449 ], [ -11.653943135715981, 12.77317598554477 ], [ -11.662888534564161, 12.771989211184513 ], [ -11.671672288092694, 12.769947236501467 ], [ -11.680209710727507, 12.767069726610966 ], [ -11.688418495126733, 12.76338440316769 ], [ -11.696219508225287, 12.758926776993842 ], [ -11.703537556339885, 12.753739805325177 ], [ -11.710302111849234, 12.747873477007715 ], [ -11.716447994354033, 12.741384329684946 ], [ -11.721915999683349, 12.734334903681399 ], [ -11.726653470642498, 12.726793137906691 ], [ -11.730614803986445, 12.718831713668672 ], [ -11.733761888745411, 12.710527352789068 ], [ -11.736064471718155, 12.701960076855284 ], [ -11.737500446675867, 12.693212434813711 ], [ -11.738056064577492, 12.684368706409462 ], [ -11.737726062877778, 12.675514089202167 ], [ -11.736513712803744, 12.666733877035877 ], [ -11.734430784275952, 12.658112637911842 ], [ -11.731497428949405, 12.64973339920599 ], [ -11.727741982637703, 12.641676848088753 ], [ -11.723200689155501, 12.634020554844868 ], [ -11.717917348361205, 12.626838226556865 ], [ -11.711942891897667, 12.620198998310972 ], [ -11.705334890806739, 12.614166768711334 ], [ -11.698156999828429, 12.608799586051887 ], [ -11.690478343781649, 12.604149090999249 ], [ -11.682372851956179, 12.600260021089962 ], [ -11.673918546920666, 12.597169781746253 ], [ -11.665196794565123, 12.594908087872875 ], [ -11.656291522545697, 12.593496679418768 ], [ -11.647288414581817, 12.592949113578626 ], [ -11.638274088269057, 12.593270635577198 ], [ -11.629335264214154, 12.594458129230123 ], [ -11.620557934370417, 12.596500147716709 ], [ -11.612026537452046, 12.599377024238615 ], [ -11.603823149235232, 12.603061061481718 ], [ -11.59602669541262, 12.607516798052425 ], [ -11.588712194457523, 12.612701349332047 ], [ -11.581950037676899, 12.618564819489354 ], [ -11.575805313289665, 12.625050780718752 ] ], [ [ -14.538587942530224, 12.865229075142866 ], [ -14.53318697608645, 12.872347119785729 ], [ -14.528522835546273, 12.879950181581888 ], [ -14.524640479671259, 12.88796507989727 ], [ -14.521577353822858, 12.896314663632094 ], [ -14.519363027228904, 12.904918552808379 ], [ -14.518018905577851, 12.913693911462888 ], [ -14.517558021806735, 12.922556244449959 ], [ -14.517984907212741, 12.931420210519246 ], [ -14.51926417701198, 12.9399903145096 ], [ -14.515775391862134, 12.941600883305082 ], [ -14.508006418527989, 12.946148411738074 ], [ -14.500729006429003, 12.951420713521982 ], [ -14.494013210047672, 12.957367055402406 ], [ -14.487923692974771, 12.963930215186879 ], [ -14.482519105697321, 12.971047031147579 ], [ -14.477851520601849, 12.978649008589338 ], [ -14.473965929637281, 12.986662977805782 ], [ -14.47089980950437, 12.995011797150836 ], [ -14.468682758613385, 13.003615094515752 ], [ -14.467336209384127, 13.01239004012676 ], [ -14.466873218757518, 13.021252143269477 ], [ -14.467298339052062, 13.030116065306512 ], [ -14.468607570537781, 13.038896441186811 ], [ -14.470788396321526, 13.047508701551209 ], [ -14.473819899347857, 13.055869887519773 ], [ -14.477672960526537, 13.063899450303527 ], [ -14.482310536208475, 13.07152002791608 ], [ -14.487688012454885, 13.078658191468618 ], [ -14.493753632786934, 13.085245153813407 ], [ -14.500448995373544, 13.091217433654075 ], [ -14.507709614921193, 13.096517468662567 ], [ -14.515465543878614, 13.101094171628937 ], [ -14.523642046969593, 13.104903424216957 ], [ -14.532160322524392, 13.107908503500253 ], [ -14.540938263602214, 13.110080437105033 ], [ -14.54989125148845, 13.111398283479618 ], [ -14.558932973816734, 13.111849334541299 ], [ -14.567976259311186, 13.111429238709874 ], [ -14.576933920971438, 13.110142043116909 ], [ -14.585719599435011, 13.108000154572222 ], [ -14.594248598248718, 13.105024219666168 ], [ -14.602438702863815, 13.101242925179292 ], [ -14.610210975336864, 13.096692720752404 ], [ -14.617490516968362, 13.091417466530848 ], [ -14.624207191440394, 13.08546800922994 ], [ -14.630296301419227, 13.07890169076617 ], [ -14.635699212063832, 13.071781794253562 ], [ -14.640363915421135, 13.064176932770822 ], [ -14.644245530286742, 13.056160386855892 ], [ -14.64730673275953, 13.047809397175291 ], [ -14.649518113411904, 13.039204419241898 ], [ -14.650858457727304, 13.030428347412224 ], [ -14.651314947214857, 13.021565715680209 ], [ -14.650883279389612, 13.01270188299647 ], [ -14.649599189060051, 13.004132327127929 ], [ -14.65308805338281, 13.00251997233179 ], [ -14.6608563077712, 12.997968105844095 ], [ -14.668131870557579, 12.992691284527245 ], [ -14.674844644346605, 12.986740369954823 ], [ -14.680929969839958, 12.98017271775991 ], [ -14.686329248960503, 12.973051623511592 ], [ -14.690990508881328, 12.965445711377198 ], [ -14.694868901542399, 12.957428271527194 ], [ -14.697927133886713, 12.949076552730482 ], [ -14.70013582474081, 12.94047101701363 ], [ -14.701473784993702, 12.931694563614951 ], [ -14.701928218486131, 12.922831729750122 ], [ -14.701494841799942, 12.913967875917789 ], [ -14.700177921928043, 12.905188363609996 ], [ -14.697990231600373, 12.896577733352434 ], [ -14.694952922833151, 12.888218890983129 ], [ -14.691095320049831, 12.880192309986512 ], [ -14.686454634885539, 12.872575257533434 ], [ -14.681075605525216, 12.865441051639364 ], [ -14.675010064133339, 12.858858356544676 ], [ -14.668316436603146, 12.852890523046536 ], [ -14.661059179480917, 12.847594980074398 ], [ -14.653308159500376, 12.843022683305781 ], [ -14.645137981689331, 12.839217626069702 ], [ -14.63662727248097, 12.836216417187739 ], [ -14.627857924672252, 12.834047929762635 ], [ -14.618914311418155, 12.83273302424741 ], [ -14.609882476731027, 12.832284348420808 ], [ -14.600849310166163, 12.832706216163658 ], [ -14.591901713517174, 12.833994566182426 ], [ -14.583125767415995, 12.836137001067568 ], [ -14.574605905732513, 12.83911290631222 ], [ -14.566424105597505, 12.842893648158293 ], [ -14.558659100730575, 12.847442848389067 ], [ -14.551385625543089, 12.852716733456671 ], [ -14.544673697206427, 12.858664554626335 ], [ -14.538587942530224, 12.865229075142866 ] ], [ [ -15.349669089835942, 12.904808484738039 ], [ -15.344290134762494, 12.911943300162807 ], [ -15.339649697321022, 12.919560870100188 ], [ -15.335792513666453, 12.927587871571053 ], [ -15.332755791777524, 12.935947033323611 ], [ -15.330568850815595, 12.944557878715761 ], [ -15.329252835964761, 12.953337499708589 ], [ -15.328820511603841, 12.962201354558452 ], [ -15.32927613492202, 12.971064081556557 ], [ -15.330615411326518, 12.979840320998788 ], [ -15.332825532209185, 12.988445537476599 ], [ -15.335885294847067, 12.996796834563739 ], [ -15.339765303416533, 13.004813754033668 ], [ -15.344428249309908, 13.012419051878901 ], [ -15.349829268165266, 13.019539443615562 ], [ -15.355916370262038, 13.026106311642142 ], [ -15.362630940205714, 13.032056367779052 ], [ -15.369908301131572, 13.037332264541517 ], [ -15.377678338008403, 13.041883149189145 ], [ -15.38586617402512, 13.045665155146519 ], [ -15.390861749323339, 13.047409149618103 ], [ -15.39130274057819, 13.047667387856446 ], [ -15.399490963960165, 13.051448950000101 ], [ -15.408018033361801, 13.054425160238033 ], [ -15.416801753174704, 13.056567329225482 ], [ -15.425757446205424, 13.057854807722114 ], [ -15.434798772469817, 13.058275186205929 ], [ -15.443838564261661, 13.05782441479662 ], [ -15.452789669312811, 13.056506842316582 ], [ -15.461565793779174, 13.054335174110694 ], [ -15.470082336789531, 13.051330349043013 ], [ -15.478257208382358, 13.047521336880878 ], [ -15.486011622828237, 13.042944858056543 ], [ -15.493270859590014, 13.037645028555401 ], [ -15.499964984506429, 13.031672933409832 ], [ -15.506029524193123, 13.025086132972243 ], [ -15.511406087133135, 13.017948106791858 ], [ -15.516042925470943, 13.010327640521819 ], [ -15.519895432123908, 13.002298161829899 ], [ -15.522926568475354, 12.993937031772454 ], [ -15.525107218607124, 12.98532479851303 ], [ -15.526416466758828, 12.976544420620071 ], [ -15.526841795458132, 12.967680467460118 ], [ -15.526379202543309, 12.958818304410844 ], [ -15.525033236088291, 12.950043270751312 ], [ -15.522816947033387, 12.941439858143976 ], [ -15.519751760114449, 12.933090897604036 ], [ -15.515867264461733, 12.925076762758051 ], [ -15.511200926000502, 12.917474597025574 ], [ -15.505797724521173, 12.91035757211821 ], [ -15.499709718991653, 12.9037941849414 ], [ -15.492995545352219, 12.897847599609435 ], [ -15.485719851658445, 12.892575040846868 ], [ -15.477952676015175, 12.888027244554275 ], [ -15.469768773269765, 12.884247970767667 ], [ -15.464775988206599, 12.882505383681528 ], [ -15.464335221510538, 12.88224725988246 ], [ -15.456151698492491, 12.878467545513999 ], [ -15.447630164992692, 12.8754927021534 ], [ -15.438852613853111, 12.873351353414433 ], [ -15.429903494017193, 12.872064103473051 ], [ -15.420868900422342, 12.87164333931581 ], [ -15.41183574827571, 12.872093111815024 ], [ -15.40289093953767, 12.873409096762801 ], [ -15.394120529508539, 12.875578636237965 ], [ -15.385608901414093, 12.878580859917644 ], [ -15.377437956814019, 12.882386885186857 ], [ -15.369686329515124, 12.88696009415097 ], [ -15.362428630459151, 12.892256484924905 ], [ -15.355734730774639, 12.898225093865682 ], [ -15.349669089835942, 12.904808484738039 ] ], [ [ -13.796188695413825, 13.007333205225871 ], [ -13.790764349417495, 13.014434294883142 ], [ -13.786075645966001, 13.022022413189077 ], [ -13.782167775803208, 13.030024526351569 ], [ -13.779078426229336, 13.038363610148565 ], [ -13.776837416182831, 13.046959390149873 ], [ -13.775466406539229, 13.055729113423761 ], [ -13.774978688510798, 13.064588344350694 ], [ -13.775379052297158, 13.073451776926021 ], [ -13.776663737378765, 13.08223405576406 ], [ -13.778820465068653, 13.090850597920225 ], [ -13.781828553150214, 13.099218407626939 ], [ -13.785659111637377, 13.107256876093279 ], [ -13.790275317905948, 13.114888558648653 ], [ -13.795632768668618, 13.12203992171532 ], [ -13.801679905509415, 13.128642052373035 ], [ -13.80835850996381, 13.134631323628573 ], [ -13.815604263436216, 13.139950008920851 ], [ -13.823347366594868, 13.144546839875119 ], [ -13.8315132122825, 13.148377501862798 ], [ -13.840023105436567, 13.151405062522095 ], [ -13.848795023031867, 13.153600329042698 ], [ -13.857744406646558, 13.154942130709353 ], [ -13.866784979915455, 13.155417523927108 ], [ -13.875829582875683, 13.155021917708051 ], [ -13.884791015033207, 13.153759118377884 ], [ -13.893582878886185, 13.151641293052293 ], [ -13.902120415634172, 13.14868885223026 ], [ -13.910321324880877, 13.14493025264481 ], [ -13.918106560301517, 13.140401722294234 ], [ -13.925401093492077, 13.135146910339296 ], [ -13.932134638543598, 13.129216465287101 ], [ -13.938242330286366, 13.122667545582448 ], [ -13.943665349621366, 13.115563267385337 ], [ -13.948351489894254, 13.107972094922451 ], [ -13.952255658863724, 13.099967179354953 ], [ -13.95534031146482, 13.091625652599134 ], [ -13.957575809260975, 13.083027882966059 ], [ -13.958940703208578, 13.074256699847293 ], [ -13.95942193711687, 13.065396594962946 ], [ -13.959014969965773, 13.056532907903133 ], [ -13.957723816036808, 13.047751003833273 ], [ -13.955561002609672, 13.039135451296074 ], [ -13.952547445771405, 13.030769208029122 ], [ -13.948712245668846, 13.022732822626542 ], [ -13.944092403301017, 13.015103659708622 ], [ -13.938732461689249, 13.007955156025435 ], [ -13.932684074972704, 13.001356114613182 ], [ -13.926005509649494, 12.995370043747341 ], [ -13.918761082813047, 12.990054546999781 ], [ -13.91102054281469, 12.98546077021099 ], [ -13.902858398311922, 12.981632910639203 ], [ -13.894353202133308, 12.978607792950315 ], [ -13.885586796801771, 12.976414516071999 ], [ -13.876643528905175, 12.975074174258076 ], [ -13.867609439783841, 12.97459965500172 ], [ -13.858571440216922, 12.974995515704773 ], [ -13.849616476932129, 12.976257940261894 ], [ -13.840830698834706, 12.978374775959981 ], [ -13.832298630851886, 12.981325650331371 ], [ -13.824102363217898, 12.985082166841469 ], [ -13.816320763883105, 12.989608177544081 ], [ -13.809028721519546, 12.994860130107686 ], [ -13.802296426316351, 13.000787485910436 ], [ -13.796188695413825, 13.007333205225871 ] ], [ [ -14.933843951755364, 13.156635549508584 ], [ -14.928447630362584, 13.163761755054113 ], [ -14.923789773191032, 13.171371880900679 ], [ -14.919915282263203, 13.179392677977813 ], [ -14.916861531015851, 13.187746937392426 ], [ -14.914658002112548, 13.196354232610506 ], [ -14.913326000728764, 13.205131692856948 ], [ -14.91287844617422, 13.213994800330667 ], [ -14.913284164581052, 13.222143618904557 ], [ -14.910224610433634, 13.224858429286149 ], [ -14.904139170479553, 13.231431370877061 ], [ -14.898740336737029, 13.238556893898487 ], [ -14.89408012987116, 13.24616641986637 ], [ -14.890203474607949, 13.254186705826804 ], [ -14.887147765424059, 13.262540548153963 ], [ -14.88494250414927, 13.271147524667878 ], [ -14.883609013055139, 13.279924767979326 ], [ -14.8831602262969, 13.288787762660217 ], [ -14.883600561838042, 13.297651158598423 ], [ -14.884925875224232, 13.306429592728565 ], [ -14.887123495792578, 13.315038511236766 ], [ -14.890172345110408, 13.323394984319531 ], [ -14.89404313664242, 13.331418505634968 ], [ -14.898698654853872, 13.339031768718719 ], [ -14.904094111178265, 13.346161412846662 ], [ -14.91017757351891, 13.352738731109687 ], [ -14.916890465222458, 13.358700333820911 ], [ -14.924168128767374, 13.363988760799336 ], [ -14.931940448758622, 13.368553036562167 ], [ -14.940132528219324, 13.372349163007048 ], [ -14.948665411627616, 13.375340544769122 ], [ -14.957456847668883, 13.377498343091101 ], [ -14.966422084265709, 13.378801754740573 ], [ -14.975474688115357, 13.379238213240564 ], [ -14.984527380711356, 13.378803510439626 ], [ -14.993492882655124, 13.377501837228358 ], [ -15.002284757977645, 13.375345743002683 ], [ -15.010818250191001, 13.372356014271311 ], [ -15.019011101875275, 13.368561473598248 ], [ -15.026784349776641, 13.363998700851973 ], [ -15.034063087645452, 13.35871167949324 ], [ -15.040777189375353, 13.352751371365414 ], [ -15.046861985412182, 13.346175224147574 ], [ -15.052258885879134, 13.339046616283831 ], [ -15.056915944407201, 13.331434244806632 ], [ -15.060788357260153, 13.32341146202066 ], [ -15.063838892995104, 13.315055567502696 ], [ -15.066038248594698, 13.306447062296588 ], [ -15.067365328738241, 13.297668872537797 ], [ -15.067807445638355, 13.288805550025481 ], [ -15.067396475047094, 13.280657017620142 ], [ -15.070454984847309, 13.27794033412065 ], [ -15.076537118134588, 13.271363448792636 ], [ -15.081931502881694, 13.264234180711322 ], [ -15.086586216994764, 13.256621232945815 ], [ -15.090456479238192, 13.248597963010784 ], [ -15.09350507868152, 13.240241674829223 ], [ -15.09570273064179, 13.231632872898855 ], [ -15.097028355790233, 13.222854485896359 ], [ -15.097469279850912, 13.213991067237163 ], [ -15.097021352097761, 13.205127980318229 ], [ -15.095688981647438, 13.196350576305765 ], [ -15.093485091340531, 13.187743372387899 ], [ -15.090430989795072, 13.179389238394723 ], [ -15.08655616299721, 13.171368599594754 ], [ -15.081897987556266, 13.163758663309533 ], [ -15.076501368489112, 13.156632676748865 ], [ -15.070418305105251, 13.150059223160167 ], [ -15.063707389233107, 13.144101563010732 ], [ -15.056433240654272, 13.138817026484071 ], [ -15.04866588519106, 13.13425646307612 ], [ -15.040480081418604, 13.130463753528192 ], [ -15.031954602442061, 13.127475388736435 ], [ -15.023171479588669, 13.125320119638079 ], [ -15.014215215210065, 13.124018681398276 ], [ -15.005171972070135, 13.123583594514912 ], [ -14.996128747005155, 13.124019044728009 ], [ -14.987172536685172, 13.125320842872657 ], [ -14.978389503376654, 13.12747646505623 ], [ -14.969864148606568, 13.130465172778921 ], [ -14.961678502556705, 13.134258211858526 ], [ -14.953911336875086, 13.138819088272657 ], [ -14.946637408379699, 13.144103918300758 ], [ -14.939926740849929, 13.150061849642025 ], [ -14.933843951755364, 13.156635549508584 ] ], [ [ -12.818264298589442, 13.936599220806015 ], [ -12.812789297807372, 13.943672684418983 ], [ -12.808050176795065, 13.951236082432123 ], [ -12.804092608352844, 13.9592166253026 ], [ -12.800954756926574, 13.967537503527106 ], [ -12.798666909151999, 13.976118625527853 ], [ -12.797251179627565, 13.984877387309433 ], [ -12.796721294843829, 13.993729466539811 ], [ -12.797082457466473, 14.002589633465284 ], [ -12.798331292413533, 14.011372570896727 ], [ -12.800455875392096, 14.019993695404377 ], [ -12.803435843772514, 14.02836997183295 ], [ -12.807242588886146, 14.036420713297934 ], [ -12.811839528043471, 14.044068358948424 ], [ -12.817182453790657, 14.051239221980509 ], [ -12.823219957162166, 14.057864200657638 ], [ -12.82989392095293, 14.063879445437301 ], [ -12.837140078333469, 14.069226975715607 ], [ -12.844888631473156, 14.07385524017787 ], [ -12.853064924228077, 14.077719615281055 ], [ -12.861590162397523, 14.080782836987522 ], [ -12.870382174563956, 14.083015361513244 ], [ -12.879356206111163, 14.084395651541493 ], [ -12.888425738669577, 14.084910385078402 ], [ -12.897503326970797, 14.084554584881646 ], [ -12.906501444908717, 14.083331667171198 ], [ -12.915333332504915, 14.081253409122622 ], [ -12.923913835462283, 14.078339835441215 ], [ -12.932160229063895, 14.074619025110561 ], [ -12.939993018332789, 14.07012684019392 ], [ -12.947336706610983, 14.064906579332579 ], [ -12.954120525039471, 14.059008559324166 ], [ -12.960279115821535, 14.052489628868429 ], [ -12.965753162624202, 14.045412619230211 ], [ -12.970489962011698, 14.037845737183636 ], [ -12.974443930403687, 14.029861906160523 ], [ -12.977577041702881, 14.021538062025387 ], [ -12.979859191433928, 14.012954410333576 ], [ -12.981268483970295, 14.004193652294411 ], [ -12.981791440189983, 13.995340186954447 ], [ -12.981423123686486, 13.986479297334464 ], [ -12.980167184459606, 13.977696328396288 ], [ -12.978035819814103, 13.969075864780692 ], [ -12.97504965299404, 13.960700916245726 ], [ -12.971237530869953, 13.952652118646339 ], [ -12.966636242766887, 13.945006958132517 ], [ -12.961290163266925, 13.937839026006422 ], [ -12.955250822533843, 13.931217311372105 ], [ -12.94857640838314, 13.925205538337051 ], [ -12.941331204953164, 13.919861554088012 ], [ -12.933584973416396, 13.915236773667528 ], [ -12.925412280700098, 13.911375686728396 ], [ -12.916891782658176, 13.908315430945288 ], [ -12.908105468547703, 13.906085436122751 ], [ -12.899137874011082, 13.904707142361739 ], [ -12.890075270045896, 13.904193794940147 ], [ -12.881004835656935, 13.904550317832333 ], [ -12.872013822027677, 13.905773267045497 ], [ -12.863188716120309, 13.907850864193666 ], [ -12.854614411614193, 13.910763109970057 ], [ -12.84637339502259, 13.914481976422373 ], [ -12.838544954687007, 13.918971676190239 ], [ -12.831204420139066, 13.924189006135931 ], [ -12.824422439042969, 13.93008376209581 ], [ -12.818264298589442, 13.936599220806015 ] ], [ [ -13.740630961796242, 13.985737532140529 ], [ -13.735180323747507, 13.992834832066006 ], [ -13.730468002789859, 14.000419526744485 ], [ -13.726539420263153, 14.008418618678936 ], [ -13.72343246741541, 14.016755115753215 ], [ -13.721177138349418, 14.025348771029051 ], [ -13.719795238418934, 14.034116854088627 ], [ -13.719300170984827, 14.042974946552517 ], [ -13.719696804706796, 14.051837754160671 ], [ -13.720981422786338, 14.06061992763315 ], [ -13.72314175479775, 14.06923688442987 ], [ -13.726157090953425, 14.077605623505789 ], [ -13.729998477854668, 14.085645525210529 ], [ -13.734628993987469, 14.09327912860979 ], [ -13.740004102441775, 14.100432878708945 ], [ -13.746072077570924, 14.107037836336035 ], [ -13.752774501572928, 14.113030343789507 ], [ -13.760046826275135, 14.118352639773073 ], [ -13.76781899474642, 14.122953417621659 ], [ -13.776016116753711, 14.12678832136544 ], [ -13.784559191529693, 14.129820374776804 ], [ -13.793365870832401, 14.132020339193646 ], [ -13.802351254861097, 14.133366996604083 ], [ -13.811428713251608, 14.13384735520631 ], [ -13.820510723112287, 14.133456775415246 ], [ -13.829509715882701, 14.132199015067096 ], [ -13.838338924702992, 14.130086193365933 ], [ -13.846913223974239, 14.127138673914633 ], [ -13.855149952869043, 14.12338486796755 ], [ -13.862969714716098, 14.118860959825845 ], [ -13.870297144430717, 14.113610557060461 ], [ -13.877061636491964, 14.107684268983864 ], [ -13.883198026372325, 14.10113921749303 ], [ -13.888647218802484, 14.094038485064676 ], [ -13.893356756796326, 14.086450505293785 ], [ -13.897281325962867, 14.078448401921127 ], [ -13.90038318928579, 14.070109282790044 ], [ -13.902632548249731, 14.061513495602274 ], [ -13.904007826927769, 14.052743852703159 ], [ -13.90449587640868, 14.043884832415403 ], [ -13.904092097727066, 14.035021764654557 ], [ -13.902800482256444, 14.026240008698119 ], [ -13.900633569326757, 14.017624131041563 ], [ -13.897612321625472, 14.009257091259716 ], [ -13.893765919728141, 14.001219443700702 ], [ -13.889131477872427, 13.993588562673986 ], [ -13.883753683832547, 13.986437898555589 ], [ -13.877684366462084, 13.979836271925446 ], [ -13.870981995146314, 13.973847212477008 ], [ -13.863711116034963, 13.968528349001637 ], [ -13.855941730507485, 13.963930856254738 ], [ -13.847748621851121, 13.960098963960991 ], [ -13.839210636602889, 13.957069532618997 ], [ -13.830409927416889, 13.954871700125491 ], [ -13.821431164664784, 13.953526602563095 ], [ -13.812360724257433, 13.95304717178904 ], [ -13.803285859387614, 13.953438011732239 ], [ -13.794293864035998, 13.95469535455903 ], [ -13.785471236153983, 13.956807097110756 ], [ -13.776902848437585, 13.959752917256164 ], [ -13.768671134535936, 13.963504469044949 ], [ -13.760855298397141, 13.968025654802707 ], [ -13.75353055424395, 13.973272971578835 ], [ -13.746767404394053, 13.979195928654178 ], [ -13.740630961796242, 13.985737532140529 ] ], [ [ -15.103411767896151, 14.030012628075063 ], [ -15.098000753382689, 14.037142028227132 ], [ -15.093331241233921, 14.044754804948008 ], [ -15.08944825016223, 14.052777685855323 ], [ -15.086389240903261, 14.061133443660697 ], [ -15.084183752979518, 14.069741638464219 ], [ -15.082853117199377, 14.078519391241851 ], [ -15.082410246772982, 14.087382181123902 ], [ -15.082859509186813, 14.096244658822602 ], [ -15.084196680213893, 14.105021468398816 ], [ -15.086408980652815, 14.113628069463982 ], [ -15.089475195593948, 14.121981551894864 ], [ -15.09336587521207, 14.130001435196501 ], [ -15.098043615289578, 14.137610444782757 ], [ -15.103463414891021, 14.144735257653407 ], [ -15.109573107846121, 14.151307210230202 ], [ -15.116313863962905, 14.157262961469804 ], [ -15.123620755192874, 14.16254510479564 ], [ -15.131423381314411, 14.167102722879857 ], [ -15.139646549096035, 14.170891879856391 ], [ -15.148210998355223, 14.173876046151159 ], [ -15.157034167847289, 14.176026451769788 ], [ -15.166030993508715, 14.177322364580725 ], [ -15.175114731244898, 14.177751290864785 ], [ -15.184197796198154, 14.177309096163777 ], [ -15.193192610260766, 14.176000045242933 ], [ -15.202012449512649, 14.173836760776368 ], [ -15.210572283264076, 14.170840101163066 ], [ -15.218789596471769, 14.167038958675231 ], [ -15.226585187469697, 14.162469979922143 ], [ -15.233883933212097, 14.15717721137349 ], [ -15.240615514562506, 14.151211673418112 ], [ -15.246715094574384, 14.144630867130235 ], [ -15.252123943191437, 14.137498218568082 ], [ -15.256790002342845, 14.1298824660331 ], [ -15.260668386013958, 14.121856996265928 ], [ -15.263721810529262, 14.113499136042677 ], [ -15.265920950984448, 14.104889406057298 ], [ -15.267244720499786, 14.096110744329417 ], [ -15.267680469730339, 14.087247706658797 ], [ -15.267224104851422, 14.078385651855468 ], [ -15.26588012303203, 14.069609919607084 ], [ -15.263661565207018, 14.061005008901505 ], [ -15.260589886752891, 14.052653764903001 ], [ -15.256694747454286, 14.044636582085534 ], [ -15.252013722912203, 14.037030631257844 ], [ -15.246591940283242, 14.029909117874364 ], [ -15.240481641945809, 14.023340578716283 ], [ -15.233741681358147, 14.017388223651292 ], [ -15.226436955998752, 14.012109328742723 ], [ -15.218637782857531, 14.007554686483171 ], [ -15.210419222470833, 14.003768118378828 ], [ -15.201860357961898, 14.000786054514162 ], [ -15.193043535956217, 13.998637184087642 ], [ -15.184053576585955, 13.997342180233668 ], [ -15.17497696007649, 13.996913501740339 ], [ -15.16590099761901, 13.997355273543256 ], [ -15.156912994374546, 13.998663247129082 ], [ -15.14809941252579, 14.0008248412255 ], [ -15.139545042293019, 14.00381926239409 ], [ -15.131332188759218, 14.007617704385538 ], [ -15.123539882208034, 14.012183624369806 ], [ -15.116243119466791, 14.01747309342457 ], [ -15.109512143467839, 14.023435217959074 ], [ -15.103411767896151, 14.030012628075063 ] ], [ [ -12.321743643536399, 14.161407055931052 ], [ -12.316248765461189, 14.168465784469436 ], [ -12.311489078076384, 14.176015885630809 ], [ -12.307510449535712, 14.183984700246393 ], [ -12.304351245091944, 14.192295534589501 ], [ -12.302041955784976, 14.200868397038114 ], [ -12.300604902294015, 14.209620766645322 ], [ -12.300054016898645, 14.218468386285995 ], [ -12.300394705764042, 14.227326072803768 ], [ -12.301623793010798, 14.23610853640831 ], [ -12.303729547255683, 14.244731201471305 ], [ -12.306691790523598, 14.253111020841894 ], [ -12.310482088639532, 14.26116727584915 ], [ -12.315064021420717, 14.268822354281095 ], [ -12.320393530210065, 14.276002498825775 ], [ -12.326419339531297, 14.282638518729055 ], [ -12.3330834489109, 14.288666457764245 ], [ -12.340321690210654, 14.294028212017366 ], [ -12.348064345154413, 14.298672091465741 ], [ -12.356236817121761, 14.302553319862433 ], [ -12.364760350726199, 14.30563446802987 ], [ -12.3735527922033, 14.307885816307351 ], [ -12.382529383210949, 14.309285642583021 ], [ -12.39160358029457, 14.309820433064246 ], [ -12.400687891999901, 14.309485013694067 ], [ -12.40969472542754, 14.308282600898137 ], [ -12.418537233920294, 14.306224771137485 ], [ -12.427130157557366, 14.303331349540452 ], [ -12.435390648199157, 14.29963021868266 ], [ -12.443239070982406, 14.295157049369687 ], [ -12.450599774405376, 14.289954956044014 ], [ -12.457401821464243, 14.284074080178339 ], [ -12.46357967470062, 14.277571105723604 ], [ -12.469073828491533, 14.2705087113447 ], [ -12.47383138245138, 14.262954964793108 ], [ -12.47780655041409, 14.254982665327448 ], [ -12.480961100115703, 14.246668640594592 ], [ -12.4832647193955, 14.238093004820707 ], [ -12.484695305469579, 14.22933838552931 ], [ -12.485239174596305, 14.220489126299046 ], [ -12.484891190240095, 14.211630473294413 ], [ -12.48365480864015, 14.202847753447191 ], [ -12.481542041495887, 14.194225552233156 ], [ -12.478573336282881, 14.185846898978168 ], [ -12.474777375504313, 14.177792467540641 ], [ -12.470190796955858, 14.170139800054528 ], [ -12.464857837829491, 14.16296256118121 ], [ -12.458829906197272, 14.156329830012099 ], [ -12.4521650840936, 14.150305436390036 ], [ -12.444927567048117, 14.144947347980876 ], [ -12.43718704550599, 14.14030711393076 ], [ -12.429018034103535, 14.136429370395559 ], [ -12.420499155240428, 14.133351412630924 ], [ -12.411712383802037, 14.131102837691424 ], [ -12.402742260233424, 14.129705261110363 ], [ -12.393675079447839, 14.129172110225285 ], [ -12.384598063265477, 14.129508496084012 ], [ -12.375598524221054, 14.130711165119186 ], [ -12.366763028650997, 14.132768531022835 ], [ -12.358176566972089, 14.135660786492853 ], [ -12.349921738993759, 14.139360093767863 ], [ -12.342077961966236, 14.143830852122296 ], [ -12.334720708858132, 14.149030039766183 ], [ -12.327920784080863, 14.154907626891136 ], [ -12.321743643536399, 14.161407055931052 ] ], [ [ -14.819593738791067, 14.254820458303803 ], [ -14.814168557398528, 14.261943286097873 ], [ -14.809484994334408, 14.269550350188108 ], [ -14.805588202510899, 14.277568434897985 ], [ -14.802515774992118, 14.285920361065129 ], [ -14.800297380505882, 14.294525727798046 ], [ -14.798954474699469, 14.30330168550692 ], [ -14.798500090032798, 14.31216373281419 ], [ -14.798938706463264, 14.321026529709687 ], [ -14.800266204312285, 14.329804719146264 ], [ -14.802469899919997, 14.338413749176766 ], [ -14.805528663899899, 14.346770687713482 ], [ -14.809413121005926, 14.354795022047634 ], [ -14.814085929828908, 14.362409435398872 ], [ -14.819502139755317, 14.369540552972746 ], [ -14.825609621856632, 14.376119650285975 ], [ -14.832349569640858, 14.382083316872993 ], [ -14.839657064896587, 14.387374068909923 ], [ -14.84746170320242, 14.391940904779574 ], [ -14.855688273068218, 14.395739798149391 ], [ -14.864257482126431, 14.39873412373807 ], [ -14.873086723308498, 14.400895011599648 ], [ -14.882090873528753, 14.402201626450506 ], [ -14.891183117061656, 14.402641369297076 ], [ -14.900275785541659, 14.402209999383354 ], [ -14.909281206341872, 14.400911675258962 ], [ -14.918112551000315, 14.398758914563217 ], [ -14.926684675361741, 14.395772472919274 ], [ -14.934914943189114, 14.391981143127103 ], [ -14.942724025170598, 14.387421476626381 ], [ -14.950036665503092, 14.382137429961984 ], [ -14.956782408568866, 14.376179939718014 ], [ -14.962896278633313, 14.369606430083669 ], [ -14.968319405974293, 14.362480257868363 ], [ -14.972999593401015, 14.354870100388412 ], [ -14.976891817726163, 14.346849292196984 ], [ -14.979958661412384, 14.338495117117596 ], [ -14.982170670315091, 14.329888062465479 ], [ -14.98350663418039, 14.321111042695623 ], [ -14.983953787321768, 14.312248599999588 ], [ -14.983507927683499, 14.303386089581958 ], [ -14.982173453294799, 14.29460885748083 ], [ -14.979963315918507, 14.286001418853886 ], [ -14.976898892493658, 14.277646644632689 ], [ -14.973009775755237, 14.2696249643533 ], [ -14.968333486179811, 14.262013592802942 ], [ -14.962915108145275, 14.254885787881967 ], [ -14.956806853900829, 14.248310146770685 ], [ -14.950067559613284, 14.242349947114905 ], [ -14.942762118382324, 14.237062539506148 ], [ -14.934960855695856, 14.232498797036715 ], [ -14.926738853321886, 14.228702627160924 ], [ -14.918175228102182, 14.22571055049702 ], [ -14.909352372521186, 14.223551350565337 ], [ -14.900355164268499, 14.222245797782692 ], [ -14.891270152292231, 14.221806450327549 ], [ -14.882184727051486, 14.222237533761088 ], [ -14.873186282817739, 14.223534900543097 ], [ -14.86436137994591, 14.225686069824782 ], [ -14.855794915035972, 14.228670347140735 ], [ -14.847569306835039, 14.232459022865608 ], [ -14.839763705588458, 14.237015647554751 ], [ -14.83245323333764, 14.242296381559017 ], [ -14.82570826238365, 14.248250415598383 ], [ -14.819593738791067, 14.254820458303803 ] ], [ [ -15.231364051962966, 14.312873924186025 ], [ -15.225950461260121, 14.320006073723581 ], [ -15.221279560473295, 14.32762118014859 ], [ -15.217396383654904, 14.33564594911336 ], [ -15.21433839555789, 14.344003135354338 ], [ -15.212135128275188, 14.352612285151579 ], [ -15.210807893718076, 14.361390509951647 ], [ -15.210369574818472, 14.370253283750465 ], [ -15.21082449759993, 14.379115256592932 ], [ -15.212168385495948, 14.387891076377517 ], [ -15.214388396509404, 14.39649621106058 ], [ -15.21746324301059, 14.404847763336313 ], [ -15.221363393170844, 14.412865269926414 ], [ -15.226051352232044, 14.42047147774751 ], [ -15.231482021027212, 14.427593089434524 ], [ -15.23760312840224, 14.434161470981685 ], [ -15.244355733451702, 14.440113314619035 ], [ -15.251674792780317, 14.445391250466908 ], [ -15.259489787344608, 14.449944401000511 ], [ -15.267725402823393, 14.453728872907313 ], [ -15.276302256918763, 14.456708181525659 ], [ -15.285137666507177, 14.458853603707945 ], [ -15.294146447149544, 14.460144455650148 ], [ -15.303241737134481, 14.460568292963099 ], [ -15.312335837974786, 14.460121031023291 ], [ -15.321341063106392, 14.458806984423624 ], [ -15.330170586454296, 14.456638825139416 ], [ -15.338739282531984, 14.453637459823785 ], [ -15.34696454982951, 14.449831827440955 ], [ -15.354767109419983, 14.445258619227554 ], [ -15.362071770971923, 14.439961923732771 ], [ -15.368808158692833, 14.43399280041997 ], [ -15.374911390143088, 14.42740878600835 ], [ -15.380322701343564, 14.42027333838533 ], [ -15.384990012149528, 14.412655223523384 ], [ -15.388868426470479, 14.404627851382122 ], [ -15.391920662573902, 14.396268567263002 ], [ -15.394117409412344, 14.387657905505524 ], [ -15.395437605650487, 14.378878812766331 ], [ -15.395868638833516, 14.370015848403517 ], [ -15.395406462922072, 14.36115436969536 ], [ -15.394055633214586, 14.352379709754237 ], [ -15.39182925847661, 14.343776356052087 ], [ -15.388748870891243, 14.335427137453237 ], [ -15.384844215227586, 14.327412427554837 ], [ -15.380152959388132, 14.319809371965643 ], [ -15.374720329234266, 14.312691146912842 ], [ -15.368598671295548, 14.306126256256123 ], [ -15.361846947637067, 14.300177873612595 ], [ -15.354530167784528, 14.294903235857715 ], [ -15.346718763183922, 14.290353093771971 ], [ -15.338487910197117, 14.286571225054313 ], [ -15.329916808102428, 14.283594014326578 ], [ -15.321087918976838, 14.281450104114901 ], [ -15.312086176680658, 14.280160120118532 ], [ -15.302998172444017, 14.279736473371582 ], [ -15.293911324765087, 14.280183241174107 ], [ -15.28491304147124, 14.281496127922782 ], [ -15.276089881865033, 14.283662506215158 ], [ -15.267526726876991, 14.286661537841246 ], [ -15.259305965075779, 14.290464373519923 ], [ -15.251506702244988, 14.295034429491043 ], [ -15.244204002024535, 14.30032773834491 ], [ -15.237468164835596, 14.306293370765252 ], [ -15.231364051962966, 14.312873924186025 ] ], [ [ -13.053957311517475, 14.384788359504935 ], [ -13.048476105380569, 14.391866494539462 ], [ -13.043732690306415, 14.399434089411717 ], [ -13.039772783701924, 14.407418314846117 ], [ -13.036634576193194, 14.415742326104846 ], [ -13.034348361777385, 14.424326001204189 ], [ -13.032936243373866, 14.433086710873056 ], [ -13.03241191671062, 14.441940112903623 ], [ -13.032780534749314, 14.450800963300518 ], [ -13.034038654094193, 14.459583936461716 ], [ -13.036174264052491, 14.468204446524627 ], [ -13.03916689822457, 14.476579461984771 ], [ -13.04298782770738, 14.484628305743971 ], [ -13.047600334202988, 14.492273432869533 ], [ -13.052960060542404, 14.499441178544977 ], [ -13.059015435371631, 14.50606246896586 ], [ -13.065708168009976, 14.512073488277903 ], [ -13.072973808787962, 14.517416295067665 ], [ -13.080742369511425, 14.522039382393649 ], [ -13.088938998087499, 14.52589817588448 ], [ -13.097484700793787, 14.528955465025659 ], [ -13.106297105181396, 14.531181763401317 ], [ -13.115291256181159, 14.532555594346491 ], [ -13.124380437636091, 14.533063699192095 ], [ -13.133477011215918, 14.532701166040681 ], [ -13.142493264485264, 14.531471477789907 ], [ -13.151342259798069, 14.52938647891307 ], [ -13.15993867567847, 14.526466261304488 ], [ -13.168199632423006, 14.522738970293592 ], [ -13.176045493819862, 14.518240532716437 ], [ -13.183400637125793, 14.513014309699388 ], [ -13.190194183767689, 14.507110677548342 ], [ -13.196360683638941, 14.500586540841004 ], [ -13.201840746336549, 14.493504782481356 ], [ -13.206581613226781, 14.4859336560888 ], [ -13.210537664829264, 14.477946126652776 ], [ -13.213670858664115, 14.46961916588134 ], [ -13.215951093406773, 14.46103300910557 ], [ -13.217356495932583, 14.452270380965302 ], [ -13.217873628599621, 14.443415697393577 ], [ -13.217497614905716, 14.434554251634381 ], [ -13.216232182455656, 14.425771392169134 ], [ -13.214089622979047, 14.417151700491425 ], [ -13.211090669940361, 14.408778176656158 ], [ -13.207264295072504, 14.40073144043987 ], [ -13.202647425936567, 14.393088955784332 ], [ -13.197284587356139, 14.385924285958062 ], [ -13.191227470288254, 14.379306386562915 ], [ -13.184534432368594, 14.373298943138249 ], [ -13.177269935000286, 14.367959759678183 ], [ -13.169503922438579, 14.363340203881437 ], [ -13.161311148853182, 14.359484714404187 ], [ -13.152770459821999, 14.35643037478885 ], [ -13.143964035121138, 14.354206558101946 ], [ -13.134976600022979, 14.35283464563781 ], [ -13.125894612594815, 14.352327822338836 ], [ -13.116805434702766, 14.352690950853042 ], [ -13.107796494568225, 14.353920525403282 ], [ -13.098954448795894, 14.356004705885978 ], [ -13.090364351793433, 14.358923431857738 ], [ -13.082108840432721, 14.362648615312578 ], [ -13.074267341662599, 14.367144410407384 ], [ -13.066915310573782, 14.372367557565623 ], [ -13.060123506139986, 14.37826779868546 ], [ -13.053957311517475, 14.384788359504935 ] ], [ [ -14.202876498814666, 14.96125004171088 ], [ -14.197413811284257, 14.96835688479346 ], [ -14.192693619740592, 14.975949910672366 ], [ -14.188761428182801, 14.983956043234658 ], [ -14.185655170395613, 14.992298223244122 ], [ -14.183404842188217, 15.000896148758059 ], [ -14.182032209451894, 15.009667047009804 ], [ -14.181550594962323, 15.01852647038127 ], [ -14.181964746114573, 15.027389108846826 ], [ -14.183270785014956, 15.036169611098849 ], [ -14.185456241570609, 15.044783406467296 ], [ -14.188500169422262, 15.053147519722689 ], [ -14.192373343765251, 15.061181370904988 ], [ -14.197038539306298, 15.068807552449524 ], [ -14.202450885816942, 15.075952576085024 ], [ -14.208558297976525, 15.08254758225686 ], [ -14.215301975456892, 15.088529005178369 ], [ -14.222616968495171, 15.093839187031527 ], [ -14.230432803538301, 15.098426935322522 ], [ -14.238674162931003, 15.10224801794241 ], [ -14.24726161206487, 15.105265591083871 ], [ -14.256112366916851, 15.107450555815749 ], [ -14.265141094486827, 15.108781839811574 ], [ -14.274260738301264, 15.109246601459171 ], [ -14.283383360887802, 15.108840354338779 ], [ -14.292420994947037, 15.107567010838723 ], [ -14.301286494855594, 15.105438844472413 ], [ -14.309894380129611, 15.102476371260142 ], [ -14.318161662560369, 15.098708151335227 ], [ -14.326008648902942, 15.094170512718204 ], [ -14.333359711252156, 15.088907199966842 ], [ -14.340144017574758, 15.082968951145682 ], [ -14.346296215278196, 15.076413007258852 ], [ -14.351757061179732, 15.069302558947559 ], [ -14.356473991788679, 15.06170613586144 ], [ -14.360401628422965, 15.053696944665608 ], [ -14.363502212341514, 15.045352162137103 ], [ -14.365745965778459, 15.036752190231217 ], [ -14.367111375506287, 15.02797988035562 ], [ -14.367585396323941, 15.019119734375845 ], [ -14.367163572655022, 15.010257090086743 ], [ -14.365850077241818, 15.001477299019804 ], [ -14.363657666725121, 14.992864904514979 ], [ -14.360607554699856, 14.984502827967983 ], [ -14.356729203624516, 14.976471571069998 ], [ -14.352060037731563, 14.96884844168958 ], [ -14.346645079828836, 14.961706810805731 ], [ -14.340536515592868, 14.955115407591997 ], [ -14.333793189627336, 14.949137659375614 ], [ -14.326480038188519, 14.943831082757669 ], [ -14.318667464059516, 14.939246731684417 ], [ -14.310430659581675, 14.935428707711049 ], [ -14.301848884321075, 14.93241373710207 ], [ -14.293004704256729, 14.930230818774005 ], [ -14.283983199722385, 14.928900946410499 ], [ -14.274871149612817, 14.928436907375012 ], [ -14.265756199576696, 14.928843160317502 ], [ -14.256726022059693, 14.930115792625987 ], [ -14.247867476132773, 14.932242558118132 ], [ -14.239265775041011, 14.935202994609037 ], [ -14.231003669337978, 14.938968620236187 ], [ -14.223160653330122, 14.943503206677232 ], [ -14.215812202345859, 14.948763126668467 ], [ -14.209029048066693, 14.954697772527721 ], [ -14.202876498814666, 14.96125004171088 ] ], [ [ -15.263143473800191, 14.965336203254598 ], [ -15.257715238353976, 14.972468926175175 ], [ -15.253031968330845, 14.980084438071032 ], [ -15.249138819649071, 14.988109442685541 ], [ -15.246073356676625, 14.99646669418353 ], [ -15.243865187774325, 15.005075739551041 ], [ -15.242535676875709, 15.013853692159961 ], [ -15.242097734003636, 15.02271602909688 ], [ -15.242555686881994, 15.031577404614705 ], [ -15.243905235033175, 15.040352471896545 ], [ -15.246133486965117, 15.04895670522691 ], [ -15.249219080252916, 15.057307214645887 ], [ -15.253132383516691, 15.065323545219188 ], [ -15.257835778497601, 15.07292845319053 ], [ -15.263284019645278, 15.080048651491872 ], [ -15.269424667861358, 15.08661551737066 ], [ -15.276198594302581, 15.09256575524874 ], [ -15.283540549442051, 15.0978420083519 ], [ -15.291379791926248, 15.102393413139087 ], [ -15.299640771155897, 15.106176091110703 ], [ -15.30824385696841, 15.109153573181558 ], [ -15.317106109314516, 15.111297152459592 ], [ -15.326142080408296, 15.112586161970274 ], [ -15.335264641493033, 15.113008174601218 ], [ -15.344385826109365, 15.112559123304631 ], [ -15.353417681580714, 15.111243340378639 ], [ -15.362273120345636, 15.109073515444607 ], [ -15.370866762769024, 15.106070572536927 ], [ -15.379115763153855, 15.102263467517322 ], [ -15.386940610851022, 15.097688907807703 ], [ -15.394265898624839, 15.092390997197322 ], [ -15.401021050772194, 15.086420809211926 ], [ -15.407141003910166, 15.079835893229136 ], [ -15.412566833834719, 15.072699718176345 ], [ -15.417246322405779, 15.065081059250598 ], [ -15.421134459025181, 15.057053333646467 ], [ -15.42419387193603, 15.048693891764456 ], [ -15.426395185277551, 15.040083270793009 ], [ -15.427717298570439, 15.031304417909196 ], [ -15.428147586076038, 15.022441890623078 ], [ -15.42768201425999, 15.013581041996659 ], [ -15.426325176389513, 15.004807198598858 ], [ -15.424090244094911, 14.996204839112442 ], [ -15.420998836522655, 14.987856781487213 ], [ -15.417080808491983, 14.979843386437143 ], [ -15.412373959832317, 14.972241784908766 ], [ -15.406923668818076, 14.965125136905998 ], [ -15.40078245332449, 14.958561928745794 ], [ -15.394009463996893, 14.952615315442367 ], [ -15.386669914351309, 14.947342514479359 ], [ -15.378834453301062, 14.942794256733579 ], [ -15.370578486128069, 14.939014299764926 ], [ -15.361981450384722, 14.936039008091212 ], [ -15.353126053619095, 14.933897004428024 ], [ -15.344097480159865, 14.932608895199271 ], [ -15.334982574475173, 14.9321870729196 ], [ -15.325869008829734, 14.932635597321616 ], [ -15.31684444310546, 14.933950156355618 ], [ -15.30799568472132, 14.936118107434181 ], [ -15.299407856588102, 14.939118598534783 ], [ -15.291163580962598, 14.942922768018034 ], [ -15.283342186924489, 14.947494021273776 ], [ -15.276018948988407, 14.952788381578564 ], [ -15.269264364084988, 14.958754911843281 ], [ -15.263143473800191, 14.965336203254598 ] ], [ [ -13.598214719997369, 15.248374292938189 ], [ -13.592724923675481, 15.255464473237812 ], [ -13.58797703964135, 15.263042767906581 ], [ -13.584016835356215, 15.271036245649158 ], [ -13.580882512050469, 15.279367972659703 ], [ -13.578604334476887, 15.287957751694234 ], [ -13.577204336430331, 15.296722892790296 ], [ -13.576696104982181, 15.305579008274984 ], [ -13.577084645641795, 15.314440824458744 ], [ -13.578366329894878, 15.323223002238844 ], [ -13.580528925786863, 15.331840958736565 ], [ -13.583551711424798, 15.340211682066702 ], [ -13.587405670471471, 15.348254531387813 ], [ -13.592053767908027, 15.355892014507431 ], [ -13.59745130355425, 15.363050535516814 ], [ -13.603546340066693, 15.369661105204264 ], [ -13.610280201392612, 15.375660007342081 ], [ -13.617588036949659, 15.380989414357263 ], [ -13.625399446136049, 15.385597946376311 ], [ -13.633639157160786, 15.389441168176104 ], [ -13.642227753625825, 15.392482019170403 ], [ -13.651082441798881, 15.394691172209258 ], [ -13.66011785109256, 15.396047317660855 ], [ -13.669246859918525, 15.39653736997434 ], [ -13.678381438818551, 15.396156594680757 ], [ -13.687433502591359, 15.394908654570344 ], [ -13.696315763037402, 15.39280557457845 ], [ -13.704942573934677, 15.389867625712604 ], [ -13.713230759937328, 15.386123129149777 ], [ -13.721100421254494, 15.381608182418551 ], [ -13.728475706217191, 15.376366310346715 ], [ -13.735285544173282, 15.370448044192699 ], [ -13.741464331560085, 15.363910433082287 ], [ -13.746952564486291, 15.35681649253195 ], [ -13.751697411703283, 15.349234595451577 ], [ -13.755653222454281, 15.341237811574555 ], [ -13.758781964350542, 15.332903201758898 ], [ -13.761053587129549, 15.324311074032359 ], [ -13.76244630889261, 15.315544208615611 ], [ -13.762946822190306, 15.306687059445689 ], [ -13.76255041811558, 15.297824939935813 ], [ -13.761261027367372, 15.2890432008454 ], [ -13.759091178054772, 15.2804264081949 ], [ -13.756061870814341, 15.272057529144103 ], [ -13.752202372604218, 15.26401713366057 ], [ -13.747549931310376, 15.256382619637959 ], [ -13.742149414045953, 15.249227468885001 ], [ -13.736052872737831, 15.242620541096862 ], [ -13.729319041269111, 15.236625412545372 ], [ -13.722012769076729, 15.231299765786693 ], [ -13.714204396685, 15.226694836189461 ], [ -13.705969079183893, 15.222854920537154 ], [ -13.697386064131393, 15.219816952361874 ], [ -13.688537930769067, 15.217610148027669 ], [ -13.679509797785682, 15.216255726906223 ], [ -13.670388507143528, 15.215766708282811 ], [ -13.661261791693454, 15.216147786901987 ], [ -13.65221743444679, 15.217395288316915 ], [ -13.643342427443836, 15.219497204451391 ], [ -13.634722138159569, 15.222433309024852 ], [ -13.626439491317308, 15.226175351736201 ], [ -13.618574173841274, 15.230687329357773 ], [ -13.611201870469982, 15.235925831163723 ], [ -13.604393537276213, 15.241840455413586 ], [ -13.598214719997369, 15.248374292938189 ] ], [ [ -13.068741009844395, 15.376793382966609 ], [ -13.06323095452519, 15.383868323614234 ], [ -13.05846180534289, 15.391433041208572 ], [ -13.054479531226875, 15.399414737364751 ], [ -13.051322543241877, 15.407736594481554 ], [ -13.049021322424764, 15.416318513589637 ], [ -13.047598123298068, 15.425077884001123 ], [ -13.047066756024954, 15.433930377416866 ], [ -13.047432449436045, 15.442790758902609 ], [ -13.048691796398037, 15.451573706970395 ], [ -13.050832782213758, 15.460194634900166 ], [ -13.053834895950084, 15.468570505408703 ], [ -13.057669323791533, 15.476620630820584 ], [ -13.062299222720537, 15.484267451019047 ], [ -13.067680072038636, 15.491437281652065 ], [ -13.073760099473839, 15.498061025340311 ], [ -13.080480777876522, 15.504074838976758 ], [ -13.087777387797253, 15.509420750619269 ], [ -13.091665635279217, 15.511726405656631 ], [ -13.090337554909098, 15.514387395234545 ], [ -13.087179635455181, 15.522709647007364 ], [ -13.084877999227015, 15.531291878954436 ], [ -13.083454905716128, 15.54005147735441 ], [ -13.082924165063028, 15.548904111595007 ], [ -13.083291001046073, 15.557764545175853 ], [ -13.08455199646099, 15.566547455813112 ], [ -13.086695121582032, 15.575168256779952 ], [ -13.089699845602031, 15.583543911589622 ], [ -13.093537330149267, 15.591593734175129 ], [ -13.098170703181756, 15.599240166842625 ], [ -13.103555410771925, 15.606409528473073 ], [ -13.10963964352511, 15.613032725718313 ], [ -13.116364833631497, 15.619045920280495 ], [ -13.123666217841624, 15.624391145775824 ], [ -13.131473460987971, 15.629016868160898 ], [ -13.139711334057436, 15.632878484238585 ], [ -13.148300440258879, 15.635938753355207 ], [ -13.157157982033366, 15.638168158046481 ], [ -13.166198561528189, 15.63954519007946 ], [ -13.175335006705055, 15.640056559065208 ], [ -13.184479214982264, 15.63969732157457 ], [ -13.193543006123784, 15.638470929469051 ], [ -13.202438975987899, 15.63638919695326 ], [ -13.21108134273535, 15.633472186655011 ], [ -13.219386777172419, 15.629748015836904 ], [ -13.22727520906709, 15.625252584629466 ], [ -13.234670601524353, 15.620029228943213 ], [ -13.241501685836724, 15.614128301456772 ], [ -13.247702649634128, 15.607606684783169 ], [ -13.253213771638208, 15.600527241578643 ], [ -13.257981996874014, 15.592958206972018 ], [ -13.261961446800258, 15.584972529250944 ], [ -13.265113859480532, 15.576647165239004 ], [ -13.267408955624447, 15.568062337230158 ], [ -13.268824727071376, 15.559300758710199 ], [ -13.269347645062117, 15.550446836385737 ], [ -13.268972786436919, 15.541585856257132 ], [ -13.26770387670366, 15.532803161611753 ], [ -13.265553249729065, 15.524183330876276 ], [ -13.26254172461096, 15.515809363252579 ], [ -13.258698401082759, 15.507761879970765 ], [ -13.254060375575316, 15.500118348827382 ], [ -13.248672380809071, 15.492952339438277 ], [ -13.242586352504533, 15.486332816327444 ], [ -13.235860927475464, 15.480323476598128 ], [ -13.228560878001302, 15.474982138495069 ], [ -13.22467147357653, 15.472678794662972 ], [ -13.225997598629363, 15.470016772361776 ], [ -13.229149142842536, 15.461691808306297 ], [ -13.231443890929697, 15.453107291649468 ], [ -13.232859837110844, 15.444345932900744 ], [ -13.233383449947951, 15.435492136769378 ], [ -13.233009798607128, 15.426631188251939 ], [ -13.231742596038433, 15.41784843062708 ], [ -13.229594158823783, 15.409228443296513 ], [ -13.226585284248017, 15.400854227397334 ], [ -13.222745045941201, 15.392806407019986 ], [ -13.218110510213913, 15.385162453700847 ], [ -13.212726375955034, 15.377995941620137 ], [ -13.206644541676472, 15.371375840627659 ], [ -13.199923603965726, 15.365365853844017 ], [ -13.192628292239304, 15.360023806147559 ], [ -13.184828845273003, 15.355401089361628 ], [ -13.176600335514319, 15.351542169407804 ], [ -13.168021947653921, 15.348484160093887 ], [ -13.159176218343584, 15.346256467566528 ], [ -13.150148244294641, 15.344880508782982 ], [ -13.141024866271113, 15.344369506651596 ], [ -13.131893836703686, 15.344728363762055 ], [ -13.122842978793175, 15.345953615881527 ], [ -13.113959345044011, 15.348033465637519 ], [ -13.105328383169596, 15.350947896050686 ], [ -13.097033117242029, 15.354668862826049 ], [ -13.089153351819339, 15.359160563567718 ], [ -13.081764906575133, 15.364379781355357 ], [ -13.074938888680142, 15.370276299417837 ], [ -13.068741009844395, 15.376793382966609 ] ], [ [ -15.251511680658851, 15.560917623818524 ], [ -15.246068047795562, 15.568049927624271 ], [ -15.241371465703283, 15.575664996924875 ], [ -15.237467220755379, 15.583689541699123 ], [ -15.234392987245773, 15.592046322287768 ], [ -15.232178461756378, 15.60065489166657 ], [ -15.230845073743549, 15.609432368897302 ], [ -15.230405775258632, 15.618294236359164 ], [ -15.230864911974964, 15.627155153121786 ], [ -15.232218176924494, 15.635929776651249 ], [ -15.234452647558541, 15.644533584945011 ], [ -15.237546905946132, 15.65288369117172 ], [ -15.241471241117573, 15.66089964294809 ], [ -15.246187931758028, 15.66850419851778 ], [ -15.25165160666441, 15.675624072305665 ], [ -15.257809679606417, 15.682190642603816 ], [ -15.264602854488224, 15.688140614500288 ], [ -15.271965695998565, 15.693416631586192 ], [ -15.279827260272372, 15.697967830465929 ], [ -15.288111779474168, 15.701750332646007 ], [ -15.296739393659609, 15.704727668984095 ], [ -15.30562692278354, 15.706871132535714 ], [ -15.314688671306696, 15.708160056335251 ], [ -15.323837257514164, 15.708582013383122 ], [ -15.332984459401191, 15.708132936874522 ], [ -15.342042068808921, 15.706817159489766 ], [ -15.350922745406951, 15.704647371362451 ], [ -15.359540862121756, 15.701644497142585 ], [ -15.36781333370033, 15.697837493367485 ], [ -15.375660420275569, 15.693263068136638 ], [ -15.383006498061524, 15.687965325848618 ], [ -15.389780789649395, 15.681995340491014 ], [ -15.395918046794563, 15.67541066167116 ], [ -15.401359179075941, 15.668274758227856 ], [ -15.406051822364738, 15.660656404867582 ], [ -15.409950841654698, 15.652629017815464 ], [ -15.413018763471346, 15.644269945957088 ], [ -15.415226133787133, 15.635659724368111 ], [ -15.416551798113844, 15.626881297479633 ], [ -15.416983101215331, 15.618019219406849 ], [ -15.416516004674353, 15.60915883917365 ], [ -15.415155121348572, 15.60038547869563 ], [ -15.412913666554926, 15.591783611437442 ], [ -15.409813326620641, 15.583436049638211 ], [ -15.4058840462255, 15.575423147901086 ], [ -15.401163736726952, 15.567822030771916 ], [ -15.395697908399958, 15.560705851689111 ], [ -15.389539230231279, 15.554143090375597 ], [ -15.382747021577281, 15.548196895366289 ], [ -15.375386680619613, 15.542924477926237 ], [ -15.367529055130175, 15.538376563118206 ], [ -15.359249761580266, 15.534596903229957 ], [ -15.350628459095688, 15.531621858175347 ], [ -15.341748085166028, 15.529480046845334 ], [ -15.33269406035928, 15.528192072710937 ], [ -15.32355346957053, 15.527770326276219 ], [ -15.314414227543075, 15.5282188662521 ], [ -15.305364236540839, 15.529533380577126 ], [ -15.296490544121509, 15.53170122765683 ], [ -15.287878508959459, 15.534701557435268 ], [ -15.279610982596687, 15.538505511157373 ], [ -15.271767514858869, 15.543076497936264 ], [ -15.264423590463243, 15.54837054551181 ], [ -15.257649904066755, 15.554336721882551 ], [ -15.251511680658851, 15.560917623818524 ] ], [ [ -14.151386044459191, 15.853050461730492 ], [ -14.145203818593926, 15.859599220687434 ], [ -14.139714113160183, 15.866702816402583 ], [ -14.134969824228991, 15.874292892340344 ], [ -14.131016690867959, 15.882296403923654 ], [ -14.127892852814815, 15.890636319996688 ], [ -14.12562848056959, 15.899232362862191 ], [ -14.124245481563904, 15.908001779836525 ], [ -14.123757285359217, 15.916860138953606 ], [ -14.124168710086757, 15.925722141204561 ], [ -14.125475911575917, 15.934502441527474 ], [ -14.127666415832135, 15.943116470661913 ], [ -14.130719234726612, 15.951481249958658 ], [ -14.134605063956077, 15.959516191286218 ], [ -14.139286561528966, 15.967143874302709 ], [ -14.144718704242939, 15.974290793564442 ], [ -14.150849218845488, 15.980888068218714 ], [ -14.157619083823198, 15.986872107377176 ], [ -14.164963097053679, 15.992185224683466 ], [ -14.172810503885929, 15.996776196072252 ], [ -14.181085679597158, 16.000600755261054 ], [ -14.189708859614747, 16.003622022116755 ], [ -14.198596910397635, 16.005810859689614 ], [ -14.207664133448233, 16.007146156402179 ], [ -14.216823094579446, 16.007615030612175 ], [ -14.225985470295928, 16.007212955529596 ], [ -14.235062902967886, 16.005943803250549 ], [ -14.243967856381898, 16.003819807466726 ], [ -14.252614463247758, 16.00086144520975 ], [ -14.260919356323187, 15.997097238787513 ], [ -14.268802474988716, 15.99256347985453 ], [ -14.276187839360427, 15.987303878324175 ], [ -14.283004284365843, 15.981369139566974 ], [ -14.289186146623276, 15.974816474041013 ], [ -14.294673897452563, 15.967709044158108 ], [ -14.299414715898832, 15.960115353798367 ], [ -14.303362996264532, 15.952108586438431 ], [ -14.306480785310358, 15.943765898351005 ], [ -14.30873814499596, 15.935167673759468 ], [ -14.310113437377407, 15.926396749189264 ], [ -14.310593529052815, 15.91753761454201 ], [ -14.310173913341455, 15.908675598629527 ], [ -14.308858749186776, 15.899896047038839 ], [ -14.306660816582305, 15.891283500257405 ], [ -14.303601389122829, 15.882920879969085 ], [ -14.299710025074532, 15.87488869133669 ], [ -14.295024279129237, 15.867264248918385 ], [ -14.289589337752904, 15.860120933624209 ], [ -14.283457581750728, 15.853527487808941 ], [ -14.27668808034444, 15.847547355221025 ], [ -14.269346021686655, 15.842238072089414 ], [ -14.261502085317044, 15.837650715133861 ], [ -14.253231762591739, 15.833829411735582 ], [ -14.244614631586362, 15.830810916908691 ], [ -14.235733593381553, 15.828624261074584 ], [ -14.226674076984406, 15.827290471967002 ], [ -14.217523220417982, 15.826822373291282 ], [ -14.208369035721727, 15.827224462033865 ], [ -14.199299565747051, 15.828492865573768 ], [ -14.190402040703573, 15.830615378993327 ], [ -14.181762042412121, 15.833571582227972 ], [ -14.17346268415063, 15.837333035940649 ], [ -14.165583813839051, 15.841863554262718 ], [ -14.158201248100491, 15.847119551816403 ], [ -14.151386044459191, 15.853050461730492 ] ] ], [ [ [ -15.174320357117812, 12.620701826304218 ], [ -15.174320357117812, 12.620701826304218 ], [ -15.113406875131878, 12.619436291413622 ], [ -15.174320357117812, 12.620701826304218 ] ] ], [ [ [ -16.451449263553133, 14.686222576429307 ], [ -16.448609781146544, 14.687551636742636 ], [ -16.447411206022014, 14.684355567319747 ], [ -16.444889156878297, 14.67924951004318 ], [ -16.446359245568541, 14.679027868254172 ], [ -16.455183765397059, 14.676817411449036 ], [ -16.458290847981573, 14.675713135840581 ], [ -16.458423502886387, 14.675773196667452 ], [ -16.467022448960634, 14.678707370265174 ], [ -16.473557091288324, 14.680256870135766 ], [ -16.468833386030362, 14.680969582992535 ], [ -16.460008891219456, 14.683180560676433 ], [ -16.451449263553133, 14.686222576429307 ] ] ] ] } }
]
}
